id,source,source_url,platform,system_name,surface,token_pattern,typography_pattern,spacing_pattern,interaction_pattern,strengths,weaknesses,rtl_quality,accessibility_quality,mobile_quality,suitability_for_seven,what_to_extract,what_not_to_copy,tags
"REF-001","design-systems","https://m3.material.io/","Web/Android","Material Design 3","tokens","raw primitives -> semantic aliases -> component tokens","small deliberate scale; system/body legibility first","4px-oriented constrained scale; consistent control/card/dialog rhythm","predictable hover/focus/pressed/disabled states","strong systemization and reusable design language","patterns must be adapted; copying brand-specific visuals would reduce Seven identity","good","good/varies","high","high","token layering, consistent scales, semantic states","brand palette, proprietary visual identity, component-by-component cloning","design-systems;tokens"
"REF-002","design-systems","https://m3.material.io/","Web/Android","Material Design 3","color/theme","raw primitives -> semantic aliases -> component tokens","small deliberate scale; system/body legibility first","4px-oriented constrained scale; consistent control/card/dialog rhythm","predictable hover/focus/pressed/disabled states","strong systemization and reusable design language","patterns must be adapted; copying brand-specific visuals would reduce Seven identity","good","good/varies","high","high","token layering, consistent scales, semantic states","brand palette, proprietary visual identity, component-by-component cloning","design-systems;color/theme"
"REF-003","design-systems","https://m3.material.io/","Web/Android","Material Design 3","typography","raw primitives -> semantic aliases -> component tokens","small deliberate scale; system/body legibility first","4px-oriented constrained scale; consistent control/card/dialog rhythm","predictable hover/focus/pressed/disabled states","strong systemization and reusable design language","patterns must be adapted; copying brand-specific visuals would reduce Seven identity","good","good/varies","high","high","token layering, consistent scales, semantic states","brand palette, proprietary visual identity, component-by-component cloning","design-systems;typography"
"REF-004","design-systems","https://m3.material.io/","Web/Android","Material Design 3","spacing/radius/elevation","raw primitives -> semantic aliases -> component tokens","small deliberate scale; system/body legibility first","4px-oriented constrained scale; consistent control/card/dialog rhythm","predictable hover/focus/pressed/disabled states","strong systemization and reusable design language","patterns must be adapted; copying brand-specific visuals would reduce Seven identity","good","good/varies","high","high","token layering, consistent scales, semantic states","brand palette, proprietary visual identity, component-by-component cloning","design-systems;spacing/radius/elevation"
"REF-005","design-systems","https://m3.material.io/","Web/Android","Material Design 3","component states","raw primitives -> semantic aliases -> component tokens","small deliberate scale; system/body legibility first","4px-oriented constrained scale; consistent control/card/dialog rhythm","predictable hover/focus/pressed/disabled states","strong systemization and reusable design language","patterns must be adapted; copying brand-specific visuals would reduce Seven identity","good","good/varies","high","high","token layering, consistent scales, semantic states","brand palette, proprietary visual identity, component-by-component cloning","design-systems;component-states"
"REF-006","design-systems","https://developer.apple.com/design/human-interface-guidelines/","Apple","Apple HIG","tokens","raw primitives -> semantic aliases -> component tokens","small deliberate scale; system/body legibility first","4px-oriented constrained scale; consistent control/card/dialog rhythm","predictable hover/focus/pressed/disabled states","strong systemization and reusable design language","patterns must be adapted; copying brand-specific visuals would reduce Seven identity","good","good/varies","high","high","token layering, consistent scales, semantic states","brand palette, proprietary visual identity, component-by-component cloning","design-systems;tokens"
"REF-007","design-systems","https://developer.apple.com/design/human-interface-guidelines/","Apple","Apple HIG","color/theme","raw primitives -> semantic aliases -> component tokens","small deliberate scale; system/body legibility first","4px-oriented constrained scale; consistent control/card/dialog rhythm","predictable hover/focus/pressed/disabled states","strong systemization and reusable design language","patterns must be adapted; copying brand-specific visuals would reduce Seven identity","good","good/varies","high","high","token layering, consistent scales, semantic states","brand palette, proprietary visual identity, component-by-component cloning","design-systems;color/theme"
"REF-008","design-systems","https://developer.apple.com/design/human-interface-guidelines/","Apple","Apple HIG","typography","raw primitives -> semantic aliases -> component tokens","small deliberate scale; system/body legibility first","4px-oriented constrained scale; consistent control/card/dialog rhythm","predictable hover/focus/pressed/disabled states","strong systemization and reusable design language","patterns must be adapted; copying brand-specific visuals would reduce Seven identity","good","good/varies","high","high","token layering, consistent scales, semantic states","brand palette, proprietary visual identity, component-by-component cloning","design-systems;typography"
"REF-009","design-systems","https://developer.apple.com/design/human-interface-guidelines/","Apple","Apple HIG","spacing/radius/elevation","raw primitives -> semantic aliases -> component tokens","small deliberate scale; system/body legibility first","4px-oriented constrained scale; consistent control/card/dialog rhythm","predictable hover/focus/pressed/disabled states","strong systemization and reusable design language","patterns must be adapted; copying brand-specific visuals would reduce Seven identity","good","good/varies","high","high","token layering, consistent scales, semantic states","brand palette, proprietary visual identity, component-by-component cloning","design-systems;spacing/radius/elevation"
"REF-010","design-systems","https://developer.apple.com/design/human-interface-guidelines/","Apple","Apple HIG","component states","raw primitives -> semantic aliases -> component tokens","small deliberate scale; system/body legibility first","4px-oriented constrained scale; consistent control/card/dialog rhythm","predictable hover/focus/pressed/disabled states","strong systemization and reusable design language","patterns must be adapted; copying brand-specific visuals would reduce Seven identity","good","good/varies","high","high","token layering, consistent scales, semantic states","brand palette, proprietary visual identity, component-by-component cloning","design-systems;component-states"
"REF-011","design-systems","https://fluent2.microsoft.design/","Web/Windows","Fluent 2","tokens","raw primitives -> semantic aliases -> component tokens","small deliberate scale; system/body legibility first","4px-oriented constrained scale; consistent control/card/dialog rhythm","predictable hover/focus/pressed/disabled states","strong systemization and reusable design language","patterns must be adapted; copying brand-specific visuals would reduce Seven identity","varies","high","medium","high","token layering, consistent scales, semantic states","brand palette, proprietary visual identity, component-by-component cloning","design-systems;tokens"
"REF-012","design-systems","https://fluent2.microsoft.design/","Web/Windows","Fluent 2","color/theme","raw primitives -> semantic aliases -> component tokens","small deliberate scale; system/body legibility first","4px-oriented constrained scale; consistent control/card/dialog rhythm","predictable hover/focus/pressed/disabled states","strong systemization and reusable design language","patterns must be adapted; copying brand-specific visuals would reduce Seven identity","varies","high","medium","high","token layering, consistent scales, semantic states","brand palette, proprietary visual identity, component-by-component cloning","design-systems;color/theme"
"REF-013","design-systems","https://fluent2.microsoft.design/","Web/Windows","Fluent 2","typography","raw primitives -> semantic aliases -> component tokens","small deliberate scale; system/body legibility first","4px-oriented constrained scale; consistent control/card/dialog rhythm","predictable hover/focus/pressed/disabled states","strong systemization and reusable design language","patterns must be adapted; copying brand-specific visuals would reduce Seven identity","varies","high","medium","high","token layering, consistent scales, semantic states","brand palette, proprietary visual identity, component-by-component cloning","design-systems;typography"
"REF-014","design-systems","https://fluent2.microsoft.design/","Web/Windows","Fluent 2","spacing/radius/elevation","raw primitives -> semantic aliases -> component tokens","small deliberate scale; system/body legibility first","4px-oriented constrained scale; consistent control/card/dialog rhythm","predictable hover/focus/pressed/disabled states","strong systemization and reusable design language","patterns must be adapted; copying brand-specific visuals would reduce Seven identity","varies","high","medium","high","token layering, consistent scales, semantic states","brand palette, proprietary visual identity, component-by-component cloning","design-systems;spacing/radius/elevation"
"REF-015","design-systems","https://fluent2.microsoft.design/","Web/Windows","Fluent 2","component states","raw primitives -> semantic aliases -> component tokens","small deliberate scale; system/body legibility first","4px-oriented constrained scale; consistent control/card/dialog rhythm","predictable hover/focus/pressed/disabled states","strong systemization and reusable design language","patterns must be adapted; copying brand-specific visuals would reduce Seven identity","varies","high","medium","high","token layering, consistent scales, semantic states","brand palette, proprietary visual identity, component-by-component cloning","design-systems;component-states"
"REF-016","design-systems","https://atlassian.design/","Web","Atlassian Design System","tokens","raw primitives -> semantic aliases -> component tokens","small deliberate scale; system/body legibility first","4px-oriented constrained scale; consistent control/card/dialog rhythm","predictable hover/focus/pressed/disabled states","strong systemization and reusable design language","patterns must be adapted; copying brand-specific visuals would reduce Seven identity","varies","good/varies","medium","high","token layering, consistent scales, semantic states","brand palette, proprietary visual identity, component-by-component cloning","design-systems;tokens"
"REF-017","design-systems","https://atlassian.design/","Web","Atlassian Design System","color/theme","raw primitives -> semantic aliases -> component tokens","small deliberate scale; system/body legibility first","4px-oriented constrained scale; consistent control/card/dialog rhythm","predictable hover/focus/pressed/disabled states","strong systemization and reusable design language","patterns must be adapted; copying brand-specific visuals would reduce Seven identity","varies","good/varies","medium","high","token layering, consistent scales, semantic states","brand palette, proprietary visual identity, component-by-component cloning","design-systems;color/theme"
"REF-018","design-systems","https://atlassian.design/","Web","Atlassian Design System","typography","raw primitives -> semantic aliases -> component tokens","small deliberate scale; system/body legibility first","4px-oriented constrained scale; consistent control/card/dialog rhythm","predictable hover/focus/pressed/disabled states","strong systemization and reusable design language","patterns must be adapted; copying brand-specific visuals would reduce Seven identity","varies","good/varies","medium","high","token layering, consistent scales, semantic states","brand palette, proprietary visual identity, component-by-component cloning","design-systems;typography"
"REF-019","design-systems","https://atlassian.design/","Web","Atlassian Design System","spacing/radius/elevation","raw primitives -> semantic aliases -> component tokens","small deliberate scale; system/body legibility first","4px-oriented constrained scale; consistent control/card/dialog rhythm","predictable hover/focus/pressed/disabled states","strong systemization and reusable design language","patterns must be adapted; copying brand-specific visuals would reduce Seven identity","varies","good/varies","medium","high","token layering, consistent scales, semantic states","brand palette, proprietary visual identity, component-by-component cloning","design-systems;spacing/radius/elevation"
"REF-020","design-systems","https://atlassian.design/","Web","Atlassian Design System","component states","raw primitives -> semantic aliases -> component tokens","small deliberate scale; system/body legibility first","4px-oriented constrained scale; consistent control/card/dialog rhythm","predictable hover/focus/pressed/disabled states","strong systemization and reusable design language","patterns must be adapted; copying brand-specific visuals would reduce Seven identity","varies","good/varies","medium","high","token layering, consistent scales, semantic states","brand palette, proprietary visual identity, component-by-component cloning","design-systems;component-states"
"REF-021","design-systems","https://primer.style/","Web","GitHub Primer","tokens","raw primitives -> semantic aliases -> component tokens","small deliberate scale; system/body legibility first","4px-oriented constrained scale; consistent control/card/dialog rhythm","predictable hover/focus/pressed/disabled states","strong systemization and reusable design language","patterns must be adapted; copying brand-specific visuals would reduce Seven identity","varies","high","medium","high","token layering, consistent scales, semantic states","brand palette, proprietary visual identity, component-by-component cloning","design-systems;tokens"
"REF-022","design-systems","https://primer.style/","Web","GitHub Primer","color/theme","raw primitives -> semantic aliases -> component tokens","small deliberate scale; system/body legibility first","4px-oriented constrained scale; consistent control/card/dialog rhythm","predictable hover/focus/pressed/disabled states","strong systemization and reusable design language","patterns must be adapted; copying brand-specific visuals would reduce Seven identity","varies","high","medium","high","token layering, consistent scales, semantic states","brand palette, proprietary visual identity, component-by-component cloning","design-systems;color/theme"
"REF-023","design-systems","https://primer.style/","Web","GitHub Primer","typography","raw primitives -> semantic aliases -> component tokens","small deliberate scale; system/body legibility first","4px-oriented constrained scale; consistent control/card/dialog rhythm","predictable hover/focus/pressed/disabled states","strong systemization and reusable design language","patterns must be adapted; copying brand-specific visuals would reduce Seven identity","varies","high","medium","high","token layering, consistent scales, semantic states","brand palette, proprietary visual identity, component-by-component cloning","design-systems;typography"
"REF-024","design-systems","https://primer.style/","Web","GitHub Primer","spacing/radius/elevation","raw primitives -> semantic aliases -> component tokens","small deliberate scale; system/body legibility first","4px-oriented constrained scale; consistent control/card/dialog rhythm","predictable hover/focus/pressed/disabled states","strong systemization and reusable design language","patterns must be adapted; copying brand-specific visuals would reduce Seven identity","varies","high","medium","high","token layering, consistent scales, semantic states","brand palette, proprietary visual identity, component-by-component cloning","design-systems;spacing/radius/elevation"
"REF-025","design-systems","https://primer.style/","Web","GitHub Primer","component states","raw primitives -> semantic aliases -> component tokens","small deliberate scale; system/body legibility first","4px-oriented constrained scale; consistent control/card/dialog rhythm","predictable hover/focus/pressed/disabled states","strong systemization and reusable design language","patterns must be adapted; copying brand-specific visuals would reduce Seven identity","varies","high","medium","high","token layering, consistent scales, semantic states","brand palette, proprietary visual identity, component-by-component cloning","design-systems;component-states"
"REF-026","design-systems","https://www.radix-ui.com/primitives","Web","Radix UI","tokens","raw primitives -> semantic aliases -> component tokens","small deliberate scale; system/body legibility first","4px-oriented constrained scale; consistent control/card/dialog rhythm","predictable hover/focus/pressed/disabled states","strong systemization and reusable design language","patterns must be adapted; copying brand-specific visuals would reduce Seven identity","varies","high","medium","high","token layering, consistent scales, semantic states","brand palette, proprietary visual identity, component-by-component cloning","design-systems;tokens"
"REF-027","design-systems","https://www.radix-ui.com/primitives","Web","Radix UI","color/theme","raw primitives -> semantic aliases -> component tokens","small deliberate scale; system/body legibility first","4px-oriented constrained scale; consistent control/card/dialog rhythm","predictable hover/focus/pressed/disabled states","strong systemization and reusable design language","patterns must be adapted; copying brand-specific visuals would reduce Seven identity","varies","high","medium","high","token layering, consistent scales, semantic states","brand palette, proprietary visual identity, component-by-component cloning","design-systems;color/theme"
"REF-028","design-systems","https://www.radix-ui.com/primitives","Web","Radix UI","typography","raw primitives -> semantic aliases -> component tokens","small deliberate scale; system/body legibility first","4px-oriented constrained scale; consistent control/card/dialog rhythm","predictable hover/focus/pressed/disabled states","strong systemization and reusable design language","patterns must be adapted; copying brand-specific visuals would reduce Seven identity","varies","high","medium","high","token layering, consistent scales, semantic states","brand palette, proprietary visual identity, component-by-component cloning","design-systems;typography"
"REF-029","design-systems","https://www.radix-ui.com/primitives","Web","Radix UI","spacing/radius/elevation","raw primitives -> semantic aliases -> component tokens","small deliberate scale; system/body legibility first","4px-oriented constrained scale; consistent control/card/dialog rhythm","predictable hover/focus/pressed/disabled states","strong systemization and reusable design language","patterns must be adapted; copying brand-specific visuals would reduce Seven identity","varies","high","medium","high","token layering, consistent scales, semantic states","brand palette, proprietary visual identity, component-by-component cloning","design-systems;spacing/radius/elevation"
"REF-030","design-systems","https://www.radix-ui.com/primitives","Web","Radix UI","component states","raw primitives -> semantic aliases -> component tokens","small deliberate scale; system/body legibility first","4px-oriented constrained scale; consistent control/card/dialog rhythm","predictable hover/focus/pressed/disabled states","strong systemization and reusable design language","patterns must be adapted; copying brand-specific visuals would reduce Seven identity","varies","high","medium","high","token layering, consistent scales, semantic states","brand palette, proprietary visual identity, component-by-component cloning","design-systems;component-states"
"REF-031","design-systems","https://polaris.shopify.com/","Web","Shopify Polaris","tokens","raw primitives -> semantic aliases -> component tokens","small deliberate scale; system/body legibility first","4px-oriented constrained scale; consistent control/card/dialog rhythm","predictable hover/focus/pressed/disabled states","strong systemization and reusable design language","patterns must be adapted; copying brand-specific visuals would reduce Seven identity","varies","good/varies","medium","high","token layering, consistent scales, semantic states","brand palette, proprietary visual identity, component-by-component cloning","design-systems;tokens"
"REF-032","design-systems","https://polaris.shopify.com/","Web","Shopify Polaris","color/theme","raw primitives -> semantic aliases -> component tokens","small deliberate scale; system/body legibility first","4px-oriented constrained scale; consistent control/card/dialog rhythm","predictable hover/focus/pressed/disabled states","strong systemization and reusable design language","patterns must be adapted; copying brand-specific visuals would reduce Seven identity","varies","good/varies","medium","high","token layering, consistent scales, semantic states","brand palette, proprietary visual identity, component-by-component cloning","design-systems;color/theme"
"REF-033","design-systems","https://polaris.shopify.com/","Web","Shopify Polaris","typography","raw primitives -> semantic aliases -> component tokens","small deliberate scale; system/body legibility first","4px-oriented constrained scale; consistent control/card/dialog rhythm","predictable hover/focus/pressed/disabled states","strong systemization and reusable design language","patterns must be adapted; copying brand-specific visuals would reduce Seven identity","varies","good/varies","medium","high","token layering, consistent scales, semantic states","brand palette, proprietary visual identity, component-by-component cloning","design-systems;typography"
"REF-034","design-systems","https://polaris.shopify.com/","Web","Shopify Polaris","spacing/radius/elevation","raw primitives -> semantic aliases -> component tokens","small deliberate scale; system/body legibility first","4px-oriented constrained scale; consistent control/card/dialog rhythm","predictable hover/focus/pressed/disabled states","strong systemization and reusable design language","patterns must be adapted; copying brand-specific visuals would reduce Seven identity","varies","good/varies","medium","high","token layering, consistent scales, semantic states","brand palette, proprietary visual identity, component-by-component cloning","design-systems;spacing/radius/elevation"
"REF-035","design-systems","https://polaris.shopify.com/","Web","Shopify Polaris","component states","raw primitives -> semantic aliases -> component tokens","small deliberate scale; system/body legibility first","4px-oriented constrained scale; consistent control/card/dialog rhythm","predictable hover/focus/pressed/disabled states","strong systemization and reusable design language","patterns must be adapted; copying brand-specific visuals would reduce Seven identity","varies","good/varies","medium","high","token layering, consistent scales, semantic states","brand palette, proprietary visual identity, component-by-component cloning","design-systems;component-states"
"REF-036","design-systems","https://carbondesignsystem.com/","Web","IBM Carbon","tokens","raw primitives -> semantic aliases -> component tokens","small deliberate scale; system/body legibility first","4px-oriented constrained scale; consistent control/card/dialog rhythm","predictable hover/focus/pressed/disabled states","strong systemization and reusable design language","patterns must be adapted; copying brand-specific visuals would reduce Seven identity","varies","high","medium","high","token layering, consistent scales, semantic states","brand palette, proprietary visual identity, component-by-component cloning","design-systems;tokens"
"REF-037","design-systems","https://carbondesignsystem.com/","Web","IBM Carbon","color/theme","raw primitives -> semantic aliases -> component tokens","small deliberate scale; system/body legibility first","4px-oriented constrained scale; consistent control/card/dialog rhythm","predictable hover/focus/pressed/disabled states","strong systemization and reusable design language","patterns must be adapted; copying brand-specific visuals would reduce Seven identity","varies","high","medium","high","token layering, consistent scales, semantic states","brand palette, proprietary visual identity, component-by-component cloning","design-systems;color/theme"
"REF-038","design-systems","https://carbondesignsystem.com/","Web","IBM Carbon","typography","raw primitives -> semantic aliases -> component tokens","small deliberate scale; system/body legibility first","4px-oriented constrained scale; consistent control/card/dialog rhythm","predictable hover/focus/pressed/disabled states","strong systemization and reusable design language","patterns must be adapted; copying brand-specific visuals would reduce Seven identity","varies","high","medium","high","token layering, consistent scales, semantic states","brand palette, proprietary visual identity, component-by-component cloning","design-systems;typography"
"REF-039","design-systems","https://carbondesignsystem.com/","Web","IBM Carbon","spacing/radius/elevation","raw primitives -> semantic aliases -> component tokens","small deliberate scale; system/body legibility first","4px-oriented constrained scale; consistent control/card/dialog rhythm","predictable hover/focus/pressed/disabled states","strong systemization and reusable design language","patterns must be adapted; copying brand-specific visuals would reduce Seven identity","varies","high","medium","high","token layering, consistent scales, semantic states","brand palette, proprietary visual identity, component-by-component cloning","design-systems;spacing/radius/elevation"
"REF-040","design-systems","https://carbondesignsystem.com/","Web","IBM Carbon","component states","raw primitives -> semantic aliases -> component tokens","small deliberate scale; system/body legibility first","4px-oriented constrained scale; consistent control/card/dialog rhythm","predictable hover/focus/pressed/disabled states","strong systemization and reusable design language","patterns must be adapted; copying brand-specific visuals would reduce Seven identity","varies","high","medium","high","token layering, consistent scales, semantic states","brand palette, proprietary visual identity, component-by-component cloning","design-systems;component-states"
"REF-041","design-systems","https://spectrum.adobe.com/","Web","Adobe Spectrum","tokens","raw primitives -> semantic aliases -> component tokens","small deliberate scale; system/body legibility first","4px-oriented constrained scale; consistent control/card/dialog rhythm","predictable hover/focus/pressed/disabled states","strong systemization and reusable design language","patterns must be adapted; copying brand-specific visuals would reduce Seven identity","varies","high","medium","high","token layering, consistent scales, semantic states","brand palette, proprietary visual identity, component-by-component cloning","design-systems;tokens"
"REF-042","design-systems","https://spectrum.adobe.com/","Web","Adobe Spectrum","color/theme","raw primitives -> semantic aliases -> component tokens","small deliberate scale; system/body legibility first","4px-oriented constrained scale; consistent control/card/dialog rhythm","predictable hover/focus/pressed/disabled states","strong systemization and reusable design language","patterns must be adapted; copying brand-specific visuals would reduce Seven identity","varies","high","medium","high","token layering, consistent scales, semantic states","brand palette, proprietary visual identity, component-by-component cloning","design-systems;color/theme"
"REF-043","design-systems","https://spectrum.adobe.com/","Web","Adobe Spectrum","typography","raw primitives -> semantic aliases -> component tokens","small deliberate scale; system/body legibility first","4px-oriented constrained scale; consistent control/card/dialog rhythm","predictable hover/focus/pressed/disabled states","strong systemization and reusable design language","patterns must be adapted; copying brand-specific visuals would reduce Seven identity","varies","high","medium","high","token layering, consistent scales, semantic states","brand palette, proprietary visual identity, component-by-component cloning","design-systems;typography"
"REF-044","design-systems","https://spectrum.adobe.com/","Web","Adobe Spectrum","spacing/radius/elevation","raw primitives -> semantic aliases -> component tokens","small deliberate scale; system/body legibility first","4px-oriented constrained scale; consistent control/card/dialog rhythm","predictable hover/focus/pressed/disabled states","strong systemization and reusable design language","patterns must be adapted; copying brand-specific visuals would reduce Seven identity","varies","high","medium","high","token layering, consistent scales, semantic states","brand palette, proprietary visual identity, component-by-component cloning","design-systems;spacing/radius/elevation"
"REF-045","design-systems","https://spectrum.adobe.com/","Web","Adobe Spectrum","component states","raw primitives -> semantic aliases -> component tokens","small deliberate scale; system/body legibility first","4px-oriented constrained scale; consistent control/card/dialog rhythm","predictable hover/focus/pressed/disabled states","strong systemization and reusable design language","patterns must be adapted; copying brand-specific visuals would reduce Seven identity","varies","high","medium","high","token layering, consistent scales, semantic states","brand palette, proprietary visual identity, component-by-component cloning","design-systems;component-states"
"REF-046","design-systems","https://designsystem.digital.gov/","Web","USWDS","tokens","raw primitives -> semantic aliases -> component tokens","small deliberate scale; system/body legibility first","4px-oriented constrained scale; consistent control/card/dialog rhythm","predictable hover/focus/pressed/disabled states","strong systemization and reusable design language","patterns must be adapted; copying brand-specific visuals would reduce Seven identity","varies","high","medium","high","token layering, consistent scales, semantic states","brand palette, proprietary visual identity, component-by-component cloning","design-systems;tokens"
"REF-047","design-systems","https://designsystem.digital.gov/","Web","USWDS","color/theme","raw primitives -> semantic aliases -> component tokens","small deliberate scale; system/body legibility first","4px-oriented constrained scale; consistent control/card/dialog rhythm","predictable hover/focus/pressed/disabled states","strong systemization and reusable design language","patterns must be adapted; copying brand-specific visuals would reduce Seven identity","varies","high","medium","high","token layering, consistent scales, semantic states","brand palette, proprietary visual identity, component-by-component cloning","design-systems;color/theme"
"REF-048","design-systems","https://designsystem.digital.gov/","Web","USWDS","typography","raw primitives -> semantic aliases -> component tokens","small deliberate scale; system/body legibility first","4px-oriented constrained scale; consistent control/card/dialog rhythm","predictable hover/focus/pressed/disabled states","strong systemization and reusable design language","patterns must be adapted; copying brand-specific visuals would reduce Seven identity","varies","high","medium","high","token layering, consistent scales, semantic states","brand palette, proprietary visual identity, component-by-component cloning","design-systems;typography"
"REF-049","design-systems","https://designsystem.digital.gov/","Web","USWDS","spacing/radius/elevation","raw primitives -> semantic aliases -> component tokens","small deliberate scale; system/body legibility first","4px-oriented constrained scale; consistent control/card/dialog rhythm","predictable hover/focus/pressed/disabled states","strong systemization and reusable design language","patterns must be adapted; copying brand-specific visuals would reduce Seven identity","varies","high","medium","high","token layering, consistent scales, semantic states","brand palette, proprietary visual identity, component-by-component cloning","design-systems;spacing/radius/elevation"
"REF-050","design-systems","https://designsystem.digital.gov/","Web","USWDS","component states","raw primitives -> semantic aliases -> component tokens","small deliberate scale; system/body legibility first","4px-oriented constrained scale; consistent control/card/dialog rhythm","predictable hover/focus/pressed/disabled states","strong systemization and reusable design language","patterns must be adapted; copying brand-specific visuals would reduce Seven identity","varies","high","medium","high","token layering, consistent scales, semantic states","brand palette, proprietary visual identity, component-by-component cloning","design-systems;component-states"
"REF-051","settings-forms-dialogs","https://support.google.com/android/","Android","Android Settings","settings hierarchy","shared semantic component tokens","small deliberate scale; system/body legibility first","4px-oriented constrained scale; consistent control/card/dialog rhythm","predictable hover/focus/pressed/disabled states","clear task grouping and familiar control patterns","patterns must be adapted; copying brand-specific visuals would reduce Seven identity","good","good/varies","high","high","grouping, control anatomy, dialog/sheet decision rules","product-specific branding or platform behavior that conflicts with Seven WebView","settings-forms-dialogs;settings-hierarchy"
"REF-052","settings-forms-dialogs","https://support.google.com/android/","Android","Android Settings","forms/controls","shared semantic component tokens","small deliberate scale; system/body legibility first","4px-oriented constrained scale; consistent control/card/dialog rhythm","predictable hover/focus/pressed/disabled states","clear task grouping and familiar control patterns","patterns must be adapted; copying brand-specific visuals would reduce Seven identity","good","good/varies","high","high","grouping, control anatomy, dialog/sheet decision rules","product-specific branding or platform behavior that conflicts with Seven WebView","settings-forms-dialogs;forms/controls"
"REF-053","settings-forms-dialogs","https://support.google.com/android/","Android","Android Settings","dialog/modal","shared semantic component tokens","small deliberate scale; system/body legibility first","4px-oriented constrained scale; consistent control/card/dialog rhythm","focus entry/trap/restore; Esc/Back policy; explicit destructive confirmation","clear task grouping and familiar control patterns","patterns must be adapted; copying brand-specific visuals would reduce Seven identity","good","good/varies","high","high","grouping, control anatomy, dialog/sheet decision rules","product-specific branding or platform behavior that conflicts with Seven WebView","settings-forms-dialogs;dialog/modal"
"REF-054","settings-forms-dialogs","https://support.google.com/android/","Android","Android Settings","mobile sheet/picker","shared semantic component tokens","small deliberate scale; system/body legibility first","4px-oriented constrained scale; consistent control/card/dialog rhythm","predictable hover/focus/pressed/disabled states","clear task grouping and familiar control patterns","patterns must be adapted; copying brand-specific visuals would reduce Seven identity","good","good/varies","high","high","grouping, control anatomy, dialog/sheet decision rules","product-specific branding or platform behavior that conflicts with Seven WebView","settings-forms-dialogs;mobile-sheet/picker"
"REF-055","settings-forms-dialogs","https://support.google.com/android/","Android","Android Settings","destructive/error state","shared semantic component tokens","small deliberate scale; system/body legibility first","4px-oriented constrained scale; consistent control/card/dialog rhythm","predictable hover/focus/pressed/disabled states","clear task grouping and familiar control patterns","patterns must be adapted; copying brand-specific visuals would reduce Seven identity","good","good/varies","high","high","grouping, control anatomy, dialog/sheet decision rules","product-specific branding or platform behavior that conflicts with Seven WebView","settings-forms-dialogs;destructive/error-state"
"REF-056","settings-forms-dialogs","https://support.apple.com/guide/iphone/welcome/ios","iOS","iOS Settings","settings hierarchy","shared semantic component tokens","small deliberate scale; system/body legibility first","4px-oriented constrained scale; consistent control/card/dialog rhythm","predictable hover/focus/pressed/disabled states","clear task grouping and familiar control patterns","patterns must be adapted; copying brand-specific visuals would reduce Seven identity","varies","good/varies","high","high","grouping, control anatomy, dialog/sheet decision rules","product-specific branding or platform behavior that conflicts with Seven WebView","settings-forms-dialogs;settings-hierarchy"
"REF-057","settings-forms-dialogs","https://support.apple.com/guide/iphone/welcome/ios","iOS","iOS Settings","forms/controls","shared semantic component tokens","small deliberate scale; system/body legibility first","4px-oriented constrained scale; consistent control/card/dialog rhythm","predictable hover/focus/pressed/disabled states","clear task grouping and familiar control patterns","patterns must be adapted; copying brand-specific visuals would reduce Seven identity","varies","good/varies","high","high","grouping, control anatomy, dialog/sheet decision rules","product-specific branding or platform behavior that conflicts with Seven WebView","settings-forms-dialogs;forms/controls"
"REF-058","settings-forms-dialogs","https://support.apple.com/guide/iphone/welcome/ios","iOS","iOS Settings","dialog/modal","shared semantic component tokens","small deliberate scale; system/body legibility first","4px-oriented constrained scale; consistent control/card/dialog rhythm","focus entry/trap/restore; Esc/Back policy; explicit destructive confirmation","clear task grouping and familiar control patterns","patterns must be adapted; copying brand-specific visuals would reduce Seven identity","varies","good/varies","high","high","grouping, control anatomy, dialog/sheet decision rules","product-specific branding or platform behavior that conflicts with Seven WebView","settings-forms-dialogs;dialog/modal"
"REF-059","settings-forms-dialogs","https://support.apple.com/guide/iphone/welcome/ios","iOS","iOS Settings","mobile sheet/picker","shared semantic component tokens","small deliberate scale; system/body legibility first","4px-oriented constrained scale; consistent control/card/dialog rhythm","predictable hover/focus/pressed/disabled states","clear task grouping and familiar control patterns","patterns must be adapted; copying brand-specific visuals would reduce Seven identity","varies","good/varies","high","high","grouping, control anatomy, dialog/sheet decision rules","product-specific branding or platform behavior that conflicts with Seven WebView","settings-forms-dialogs;mobile-sheet/picker"
"REF-060","settings-forms-dialogs","https://support.apple.com/guide/iphone/welcome/ios","iOS","iOS Settings","destructive/error state","shared semantic component tokens","small deliberate scale; system/body legibility first","4px-oriented constrained scale; consistent control/card/dialog rhythm","predictable hover/focus/pressed/disabled states","clear task grouping and familiar control patterns","patterns must be adapted; copying brand-specific visuals would reduce Seven identity","varies","good/varies","high","high","grouping, control anatomy, dialog/sheet decision rules","product-specific branding or platform behavior that conflicts with Seven WebView","settings-forms-dialogs;destructive/error-state"
"REF-061","settings-forms-dialogs","https://support.microsoft.com/windows","Windows","Windows Settings","settings hierarchy","shared semantic component tokens","small deliberate scale; system/body legibility first","4px-oriented constrained scale; consistent control/card/dialog rhythm","predictable hover/focus/pressed/disabled states","clear task grouping and familiar control patterns","patterns must be adapted; copying brand-specific visuals would reduce Seven identity","varies","good/varies","medium","high","grouping, control anatomy, dialog/sheet decision rules","product-specific branding or platform behavior that conflicts with Seven WebView","settings-forms-dialogs;settings-hierarchy"
"REF-062","settings-forms-dialogs","https://support.microsoft.com/windows","Windows","Windows Settings","forms/controls","shared semantic component tokens","small deliberate scale; system/body legibility first","4px-oriented constrained scale; consistent control/card/dialog rhythm","predictable hover/focus/pressed/disabled states","clear task grouping and familiar control patterns","patterns must be adapted; copying brand-specific visuals would reduce Seven identity","varies","good/varies","medium","high","grouping, control anatomy, dialog/sheet decision rules","product-specific branding or platform behavior that conflicts with Seven WebView","settings-forms-dialogs;forms/controls"
"REF-063","settings-forms-dialogs","https://support.microsoft.com/windows","Windows","Windows Settings","dialog/modal","shared semantic component tokens","small deliberate scale; system/body legibility first","4px-oriented constrained scale; consistent control/card/dialog rhythm","focus entry/trap/restore; Esc/Back policy; explicit destructive confirmation","clear task grouping and familiar control patterns","patterns must be adapted; copying brand-specific visuals would reduce Seven identity","varies","good/varies","medium","high","grouping, control anatomy, dialog/sheet decision rules","product-specific branding or platform behavior that conflicts with Seven WebView","settings-forms-dialogs;dialog/modal"
"REF-064","settings-forms-dialogs","https://support.microsoft.com/windows","Windows","Windows Settings","mobile sheet/picker","shared semantic component tokens","small deliberate scale; system/body legibility first","4px-oriented constrained scale; consistent control/card/dialog rhythm","predictable hover/focus/pressed/disabled states","clear task grouping and familiar control patterns","patterns must be adapted; copying brand-specific visuals would reduce Seven identity","varies","good/varies","medium","high","grouping, control anatomy, dialog/sheet decision rules","product-specific branding or platform behavior that conflicts with Seven WebView","settings-forms-dialogs;mobile-sheet/picker"
"REF-065","settings-forms-dialogs","https://support.microsoft.com/windows","Windows","Windows Settings","destructive/error state","shared semantic component tokens","small deliberate scale; system/body legibility first","4px-oriented constrained scale; consistent control/card/dialog rhythm","predictable hover/focus/pressed/disabled states","clear task grouping and familiar control patterns","patterns must be adapted; copying brand-specific visuals would reduce Seven identity","varies","good/varies","medium","high","grouping, control anatomy, dialog/sheet decision rules","product-specific branding or platform behavior that conflicts with Seven WebView","settings-forms-dialogs;destructive/error-state"
"REF-066","settings-forms-dialogs","https://slack.com/help","Web/Desktop/Mobile","Slack","settings hierarchy","shared semantic component tokens","small deliberate scale; system/body legibility first","4px-oriented constrained scale; consistent control/card/dialog rhythm","predictable hover/focus/pressed/disabled states","clear task grouping and familiar control patterns","patterns must be adapted; copying brand-specific visuals would reduce Seven identity","varies","good/varies","high","high","grouping, control anatomy, dialog/sheet decision rules","product-specific branding or platform behavior that conflicts with Seven WebView","settings-forms-dialogs;settings-hierarchy"
"REF-067","settings-forms-dialogs","https://slack.com/help","Web/Desktop/Mobile","Slack","forms/controls","shared semantic component tokens","small deliberate scale; system/body legibility first","4px-oriented constrained scale; consistent control/card/dialog rhythm","predictable hover/focus/pressed/disabled states","clear task grouping and familiar control patterns","patterns must be adapted; copying brand-specific visuals would reduce Seven identity","varies","good/varies","high","high","grouping, control anatomy, dialog/sheet decision rules","product-specific branding or platform behavior that conflicts with Seven WebView","settings-forms-dialogs;forms/controls"
"REF-068","settings-forms-dialogs","https://slack.com/help","Web/Desktop/Mobile","Slack","dialog/modal","shared semantic component tokens","small deliberate scale; system/body legibility first","4px-oriented constrained scale; consistent control/card/dialog rhythm","focus entry/trap/restore; Esc/Back policy; explicit destructive confirmation","clear task grouping and familiar control patterns","patterns must be adapted; copying brand-specific visuals would reduce Seven identity","varies","good/varies","high","high","grouping, control anatomy, dialog/sheet decision rules","product-specific branding or platform behavior that conflicts with Seven WebView","settings-forms-dialogs;dialog/modal"
"REF-069","settings-forms-dialogs","https://slack.com/help","Web/Desktop/Mobile","Slack","mobile sheet/picker","shared semantic component tokens","small deliberate scale; system/body legibility first","4px-oriented constrained scale; consistent control/card/dialog rhythm","predictable hover/focus/pressed/disabled states","clear task grouping and familiar control patterns","patterns must be adapted; copying brand-specific visuals would reduce Seven identity","varies","good/varies","high","high","grouping, control anatomy, dialog/sheet decision rules","product-specific branding or platform behavior that conflicts with Seven WebView","settings-forms-dialogs;mobile-sheet/picker"
"REF-070","settings-forms-dialogs","https://slack.com/help","Web/Desktop/Mobile","Slack","destructive/error state","shared semantic component tokens","small deliberate scale; system/body legibility first","4px-oriented constrained scale; consistent control/card/dialog rhythm","predictable hover/focus/pressed/disabled states","clear task grouping and familiar control patterns","patterns must be adapted; copying brand-specific visuals would reduce Seven identity","varies","good/varies","high","high","grouping, control anatomy, dialog/sheet decision rules","product-specific branding or platform behavior that conflicts with Seven WebView","settings-forms-dialogs;destructive/error-state"
"REF-071","settings-forms-dialogs","https://docs.github.com/","Web","GitHub","settings hierarchy","shared semantic component tokens","small deliberate scale; system/body legibility first","4px-oriented constrained scale; consistent control/card/dialog rhythm","predictable hover/focus/pressed/disabled states","clear task grouping and familiar control patterns","patterns must be adapted; copying brand-specific visuals would reduce Seven identity","varies","good/varies","medium","high","grouping, control anatomy, dialog/sheet decision rules","product-specific branding or platform behavior that conflicts with Seven WebView","settings-forms-dialogs;settings-hierarchy"
"REF-072","settings-forms-dialogs","https://docs.github.com/","Web","GitHub","forms/controls","shared semantic component tokens","small deliberate scale; system/body legibility first","4px-oriented constrained scale; consistent control/card/dialog rhythm","predictable hover/focus/pressed/disabled states","clear task grouping and familiar control patterns","patterns must be adapted; copying brand-specific visuals would reduce Seven identity","varies","good/varies","medium","high","grouping, control anatomy, dialog/sheet decision rules","product-specific branding or platform behavior that conflicts with Seven WebView","settings-forms-dialogs;forms/controls"
"REF-073","settings-forms-dialogs","https://docs.github.com/","Web","GitHub","dialog/modal","shared semantic component tokens","small deliberate scale; system/body legibility first","4px-oriented constrained scale; consistent control/card/dialog rhythm","focus entry/trap/restore; Esc/Back policy; explicit destructive confirmation","clear task grouping and familiar control patterns","patterns must be adapted; copying brand-specific visuals would reduce Seven identity","varies","good/varies","medium","high","grouping, control anatomy, dialog/sheet decision rules","product-specific branding or platform behavior that conflicts with Seven WebView","settings-forms-dialogs;dialog/modal"
"REF-074","settings-forms-dialogs","https://docs.github.com/","Web","GitHub","mobile sheet/picker","shared semantic component tokens","small deliberate scale; system/body legibility first","4px-oriented constrained scale; consistent control/card/dialog rhythm","predictable hover/focus/pressed/disabled states","clear task grouping and familiar control patterns","patterns must be adapted; copying brand-specific visuals would reduce Seven identity","varies","good/varies","medium","high","grouping, control anatomy, dialog/sheet decision rules","product-specific branding or platform behavior that conflicts with Seven WebView","settings-forms-dialogs;mobile-sheet/picker"
"REF-075","settings-forms-dialogs","https://docs.github.com/","Web","GitHub","destructive/error state","shared semantic component tokens","small deliberate scale; system/body legibility first","4px-oriented constrained scale; consistent control/card/dialog rhythm","predictable hover/focus/pressed/disabled states","clear task grouping and familiar control patterns","patterns must be adapted; copying brand-specific visuals would reduce Seven identity","varies","good/varies","medium","high","grouping, control anatomy, dialog/sheet decision rules","product-specific branding or platform behavior that conflicts with Seven WebView","settings-forms-dialogs;destructive/error-state"
"REF-076","settings-forms-dialogs","https://support.discord.com/","Web/Desktop/Mobile","Discord","settings hierarchy","shared semantic component tokens","small deliberate scale; system/body legibility first","4px-oriented constrained scale; consistent control/card/dialog rhythm","predictable hover/focus/pressed/disabled states","clear task grouping and familiar control patterns","patterns must be adapted; copying brand-specific visuals would reduce Seven identity","varies","good/varies","high","high","grouping, control anatomy, dialog/sheet decision rules","product-specific branding or platform behavior that conflicts with Seven WebView","settings-forms-dialogs;settings-hierarchy"
"REF-077","settings-forms-dialogs","https://support.discord.com/","Web/Desktop/Mobile","Discord","forms/controls","shared semantic component tokens","small deliberate scale; system/body legibility first","4px-oriented constrained scale; consistent control/card/dialog rhythm","predictable hover/focus/pressed/disabled states","clear task grouping and familiar control patterns","patterns must be adapted; copying brand-specific visuals would reduce Seven identity","varies","good/varies","high","high","grouping, control anatomy, dialog/sheet decision rules","product-specific branding or platform behavior that conflicts with Seven WebView","settings-forms-dialogs;forms/controls"
"REF-078","settings-forms-dialogs","https://support.discord.com/","Web/Desktop/Mobile","Discord","dialog/modal","shared semantic component tokens","small deliberate scale; system/body legibility first","4px-oriented constrained scale; consistent control/card/dialog rhythm","focus entry/trap/restore; Esc/Back policy; explicit destructive confirmation","clear task grouping and familiar control patterns","patterns must be adapted; copying brand-specific visuals would reduce Seven identity","varies","good/varies","high","high","grouping, control anatomy, dialog/sheet decision rules","product-specific branding or platform behavior that conflicts with Seven WebView","settings-forms-dialogs;dialog/modal"
"REF-079","settings-forms-dialogs","https://support.discord.com/","Web/Desktop/Mobile","Discord","mobile sheet/picker","shared semantic component tokens","small deliberate scale; system/body legibility first","4px-oriented constrained scale; consistent control/card/dialog rhythm","predictable hover/focus/pressed/disabled states","clear task grouping and familiar control patterns","patterns must be adapted; copying brand-specific visuals would reduce Seven identity","varies","good/varies","high","high","grouping, control anatomy, dialog/sheet decision rules","product-specific branding or platform behavior that conflicts with Seven WebView","settings-forms-dialogs;mobile-sheet/picker"
"REF-080","settings-forms-dialogs","https://support.discord.com/","Web/Desktop/Mobile","Discord","destructive/error state","shared semantic component tokens","small deliberate scale; system/body legibility first","4px-oriented constrained scale; consistent control/card/dialog rhythm","predictable hover/focus/pressed/disabled states","clear task grouping and familiar control patterns","patterns must be adapted; copying brand-specific visuals would reduce Seven identity","varies","good/varies","high","high","grouping, control anatomy, dialog/sheet decision rules","product-specific branding or platform behavior that conflicts with Seven WebView","settings-forms-dialogs;destructive/error-state"
"REF-081","settings-forms-dialogs","https://telegram.org/faq","Mobile/Desktop","Telegram","settings hierarchy","shared semantic component tokens","small deliberate scale; system/body legibility first","4px-oriented constrained scale; consistent control/card/dialog rhythm","predictable hover/focus/pressed/disabled states","clear task grouping and familiar control patterns","patterns must be adapted; copying brand-specific visuals would reduce Seven identity","varies","good/varies","high","high","grouping, control anatomy, dialog/sheet decision rules","product-specific branding or platform behavior that conflicts with Seven WebView","settings-forms-dialogs;settings-hierarchy"
"REF-082","settings-forms-dialogs","https://telegram.org/faq","Mobile/Desktop","Telegram","forms/controls","shared semantic component tokens","small deliberate scale; system/body legibility first","4px-oriented constrained scale; consistent control/card/dialog rhythm","predictable hover/focus/pressed/disabled states","clear task grouping and familiar control patterns","patterns must be adapted; copying brand-specific visuals would reduce Seven identity","varies","good/varies","high","high","grouping, control anatomy, dialog/sheet decision rules","product-specific branding or platform behavior that conflicts with Seven WebView","settings-forms-dialogs;forms/controls"
"REF-083","settings-forms-dialogs","https://telegram.org/faq","Mobile/Desktop","Telegram","dialog/modal","shared semantic component tokens","small deliberate scale; system/body legibility first","4px-oriented constrained scale; consistent control/card/dialog rhythm","focus entry/trap/restore; Esc/Back policy; explicit destructive confirmation","clear task grouping and familiar control patterns","patterns must be adapted; copying brand-specific visuals would reduce Seven identity","varies","good/varies","high","high","grouping, control anatomy, dialog/sheet decision rules","product-specific branding or platform behavior that conflicts with Seven WebView","settings-forms-dialogs;dialog/modal"
"REF-084","settings-forms-dialogs","https://telegram.org/faq","Mobile/Desktop","Telegram","mobile sheet/picker","shared semantic component tokens","small deliberate scale; system/body legibility first","4px-oriented constrained scale; consistent control/card/dialog rhythm","predictable hover/focus/pressed/disabled states","clear task grouping and familiar control patterns","patterns must be adapted; copying brand-specific visuals would reduce Seven identity","varies","good/varies","high","high","grouping, control anatomy, dialog/sheet decision rules","product-specific branding or platform behavior that conflicts with Seven WebView","settings-forms-dialogs;mobile-sheet/picker"
"REF-085","settings-forms-dialogs","https://telegram.org/faq","Mobile/Desktop","Telegram","destructive/error state","shared semantic component tokens","small deliberate scale; system/body legibility first","4px-oriented constrained scale; consistent control/card/dialog rhythm","predictable hover/focus/pressed/disabled states","clear task grouping and familiar control patterns","patterns must be adapted; copying brand-specific visuals would reduce Seven identity","varies","good/varies","high","high","grouping, control anatomy, dialog/sheet decision rules","product-specific branding or platform behavior that conflicts with Seven WebView","settings-forms-dialogs;destructive/error-state"
"REF-086","settings-forms-dialogs","https://faq.whatsapp.com/","Mobile/Web","WhatsApp","settings hierarchy","shared semantic component tokens","small deliberate scale; system/body legibility first","4px-oriented constrained scale; consistent control/card/dialog rhythm","predictable hover/focus/pressed/disabled states","clear task grouping and familiar control patterns","patterns must be adapted; copying brand-specific visuals would reduce Seven identity","varies","good/varies","high","high","grouping, control anatomy, dialog/sheet decision rules","product-specific branding or platform behavior that conflicts with Seven WebView","settings-forms-dialogs;settings-hierarchy"
"REF-087","settings-forms-dialogs","https://faq.whatsapp.com/","Mobile/Web","WhatsApp","forms/controls","shared semantic component tokens","small deliberate scale; system/body legibility first","4px-oriented constrained scale; consistent control/card/dialog rhythm","predictable hover/focus/pressed/disabled states","clear task grouping and familiar control patterns","patterns must be adapted; copying brand-specific visuals would reduce Seven identity","varies","good/varies","high","high","grouping, control anatomy, dialog/sheet decision rules","product-specific branding or platform behavior that conflicts with Seven WebView","settings-forms-dialogs;forms/controls"
"REF-088","settings-forms-dialogs","https://faq.whatsapp.com/","Mobile/Web","WhatsApp","dialog/modal","shared semantic component tokens","small deliberate scale; system/body legibility first","4px-oriented constrained scale; consistent control/card/dialog rhythm","focus entry/trap/restore; Esc/Back policy; explicit destructive confirmation","clear task grouping and familiar control patterns","patterns must be adapted; copying brand-specific visuals would reduce Seven identity","varies","good/varies","high","high","grouping, control anatomy, dialog/sheet decision rules","product-specific branding or platform behavior that conflicts with Seven WebView","settings-forms-dialogs;dialog/modal"
"REF-089","settings-forms-dialogs","https://faq.whatsapp.com/","Mobile/Web","WhatsApp","mobile sheet/picker","shared semantic component tokens","small deliberate scale; system/body legibility first","4px-oriented constrained scale; consistent control/card/dialog rhythm","predictable hover/focus/pressed/disabled states","clear task grouping and familiar control patterns","patterns must be adapted; copying brand-specific visuals would reduce Seven identity","varies","good/varies","high","high","grouping, control anatomy, dialog/sheet decision rules","product-specific branding or platform behavior that conflicts with Seven WebView","settings-forms-dialogs;mobile-sheet/picker"
"REF-090","settings-forms-dialogs","https://faq.whatsapp.com/","Mobile/Web","WhatsApp","destructive/error state","shared semantic component tokens","small deliberate scale; system/body legibility first","4px-oriented constrained scale; consistent control/card/dialog rhythm","predictable hover/focus/pressed/disabled states","clear task grouping and familiar control patterns","patterns must be adapted; copying brand-specific visuals would reduce Seven identity","varies","good/varies","high","high","grouping, control anatomy, dialog/sheet decision rules","product-specific branding or platform behavior that conflicts with Seven WebView","settings-forms-dialogs;destructive/error-state"
"REF-091","settings-forms-dialogs","https://support.google.com/chrome/","Web/Desktop/Mobile","Chrome","settings hierarchy","shared semantic component tokens","small deliberate scale; system/body legibility first","4px-oriented constrained scale; consistent control/card/dialog rhythm","predictable hover/focus/pressed/disabled states","clear task grouping and familiar control patterns","patterns must be adapted; copying brand-specific visuals would reduce Seven identity","varies","good/varies","high","high","grouping, control anatomy, dialog/sheet decision rules","product-specific branding or platform behavior that conflicts with Seven WebView","settings-forms-dialogs;settings-hierarchy"
"REF-092","settings-forms-dialogs","https://support.google.com/chrome/","Web/Desktop/Mobile","Chrome","forms/controls","shared semantic component tokens","small deliberate scale; system/body legibility first","4px-oriented constrained scale; consistent control/card/dialog rhythm","predictable hover/focus/pressed/disabled states","clear task grouping and familiar control patterns","patterns must be adapted; copying brand-specific visuals would reduce Seven identity","varies","good/varies","high","high","grouping, control anatomy, dialog/sheet decision rules","product-specific branding or platform behavior that conflicts with Seven WebView","settings-forms-dialogs;forms/controls"
"REF-093","settings-forms-dialogs","https://support.google.com/chrome/","Web/Desktop/Mobile","Chrome","dialog/modal","shared semantic component tokens","small deliberate scale; system/body legibility first","4px-oriented constrained scale; consistent control/card/dialog rhythm","focus entry/trap/restore; Esc/Back policy; explicit destructive confirmation","clear task grouping and familiar control patterns","patterns must be adapted; copying brand-specific visuals would reduce Seven identity","varies","good/varies","high","high","grouping, control anatomy, dialog/sheet decision rules","product-specific branding or platform behavior that conflicts with Seven WebView","settings-forms-dialogs;dialog/modal"
"REF-094","settings-forms-dialogs","https://support.google.com/chrome/","Web/Desktop/Mobile","Chrome","mobile sheet/picker","shared semantic component tokens","small deliberate scale; system/body legibility first","4px-oriented constrained scale; consistent control/card/dialog rhythm","predictable hover/focus/pressed/disabled states","clear task grouping and familiar control patterns","patterns must be adapted; copying brand-specific visuals would reduce Seven identity","varies","good/varies","high","high","grouping, control anatomy, dialog/sheet decision rules","product-specific branding or platform behavior that conflicts with Seven WebView","settings-forms-dialogs;mobile-sheet/picker"
"REF-095","settings-forms-dialogs","https://support.google.com/chrome/","Web/Desktop/Mobile","Chrome","destructive/error state","shared semantic component tokens","small deliberate scale; system/body legibility first","4px-oriented constrained scale; consistent control/card/dialog rhythm","predictable hover/focus/pressed/disabled states","clear task grouping and familiar control patterns","patterns must be adapted; copying brand-specific visuals would reduce Seven identity","varies","good/varies","high","high","grouping, control anatomy, dialog/sheet decision rules","product-specific branding or platform behavior that conflicts with Seven WebView","settings-forms-dialogs;destructive/error-state"
"REF-096","settings-forms-dialogs","https://support.mozilla.org/","Web/Desktop/Mobile","Firefox","settings hierarchy","shared semantic component tokens","small deliberate scale; system/body legibility first","4px-oriented constrained scale; consistent control/card/dialog rhythm","predictable hover/focus/pressed/disabled states","clear task grouping and familiar control patterns","patterns must be adapted; copying brand-specific visuals would reduce Seven identity","varies","good/varies","high","high","grouping, control anatomy, dialog/sheet decision rules","product-specific branding or platform behavior that conflicts with Seven WebView","settings-forms-dialogs;settings-hierarchy"
"REF-097","settings-forms-dialogs","https://support.mozilla.org/","Web/Desktop/Mobile","Firefox","forms/controls","shared semantic component tokens","small deliberate scale; system/body legibility first","4px-oriented constrained scale; consistent control/card/dialog rhythm","predictable hover/focus/pressed/disabled states","clear task grouping and familiar control patterns","patterns must be adapted; copying brand-specific visuals would reduce Seven identity","varies","good/varies","high","high","grouping, control anatomy, dialog/sheet decision rules","product-specific branding or platform behavior that conflicts with Seven WebView","settings-forms-dialogs;forms/controls"
"REF-098","settings-forms-dialogs","https://support.mozilla.org/","Web/Desktop/Mobile","Firefox","dialog/modal","shared semantic component tokens","small deliberate scale; system/body legibility first","4px-oriented constrained scale; consistent control/card/dialog rhythm","focus entry/trap/restore; Esc/Back policy; explicit destructive confirmation","clear task grouping and familiar control patterns","patterns must be adapted; copying brand-specific visuals would reduce Seven identity","varies","good/varies","high","high","grouping, control anatomy, dialog/sheet decision rules","product-specific branding or platform behavior that conflicts with Seven WebView","settings-forms-dialogs;dialog/modal"
"REF-099","settings-forms-dialogs","https://support.mozilla.org/","Web/Desktop/Mobile","Firefox","mobile sheet/picker","shared semantic component tokens","small deliberate scale; system/body legibility first","4px-oriented constrained scale; consistent control/card/dialog rhythm","predictable hover/focus/pressed/disabled states","clear task grouping and familiar control patterns","patterns must be adapted; copying brand-specific visuals would reduce Seven identity","varies","good/varies","high","high","grouping, control anatomy, dialog/sheet decision rules","product-specific branding or platform behavior that conflicts with Seven WebView","settings-forms-dialogs;mobile-sheet/picker"
"REF-100","settings-forms-dialogs","https://support.mozilla.org/","Web/Desktop/Mobile","Firefox","destructive/error state","shared semantic component tokens","small deliberate scale; system/body legibility first","4px-oriented constrained scale; consistent control/card/dialog rhythm","predictable hover/focus/pressed/disabled states","clear task grouping and familiar control patterns","patterns must be adapted; copying brand-specific visuals would reduce Seven identity","varies","good/varies","high","high","grouping, control anatomy, dialog/sheet decision rules","product-specific branding or platform behavior that conflicts with Seven WebView","settings-forms-dialogs;destructive/error-state"
"REF-101","rtl-arabic-localization","https://www.unicode.org/reports/tr9/","Spec","Unicode Bidirectional Algorithm","layout direction","direction-neutral semantic tokens + logical properties","content-first hierarchy; Arabic line-height and bidi-aware mixed runs","4px-oriented constrained scale; consistent control/card/dialog rhythm","predictable hover/focus/pressed/disabled states","directionality and mixed-script correctness","spec guidance needs product-specific visual tuning","high","good/varies","medium","very high","logical properties, bidi isolation, direction-aware icons and content","product-specific branding or platform behavior that conflicts with Seven WebView","rtl-arabic-localization;layout-direction"
"REF-102","rtl-arabic-localization","https://www.unicode.org/reports/tr9/","Spec","Unicode Bidirectional Algorithm","mixed Arabic/Latin","direction-neutral semantic tokens + logical properties","content-first hierarchy; Arabic line-height and bidi-aware mixed runs","4px-oriented constrained scale; consistent control/card/dialog rhythm","predictable hover/focus/pressed/disabled states","directionality and mixed-script correctness","spec guidance needs product-specific visual tuning","high","good/varies","medium","very high","logical properties, bidi isolation, direction-aware icons and content","product-specific branding or platform behavior that conflicts with Seven WebView","rtl-arabic-localization;mixed-Arabic/Latin"
"REF-103","rtl-arabic-localization","https://www.unicode.org/reports/tr9/","Spec","Unicode Bidirectional Algorithm","numbers/punctuation","direction-neutral semantic tokens + logical properties","content-first hierarchy; Arabic line-height and bidi-aware mixed runs","4px-oriented constrained scale; consistent control/card/dialog rhythm","predictable hover/focus/pressed/disabled states","directionality and mixed-script correctness","spec guidance needs product-specific visual tuning","high","good/varies","medium","very high","logical properties, bidi isolation, direction-aware icons and content","product-specific branding or platform behavior that conflicts with Seven WebView","rtl-arabic-localization;numbers/punctuation"
"REF-104","rtl-arabic-localization","https://www.unicode.org/reports/tr9/","Spec","Unicode Bidirectional Algorithm","navigation/icons","direction-neutral semantic tokens + logical properties","content-first hierarchy; Arabic line-height and bidi-aware mixed runs","4px-oriented constrained scale; consistent control/card/dialog rhythm","predictable hover/focus/pressed/disabled states","directionality and mixed-script correctness","spec guidance needs product-specific visual tuning","high","good/varies","medium","very high","logical properties, bidi isolation, direction-aware icons and content","product-specific branding or platform behavior that conflicts with Seven WebView","rtl-arabic-localization;navigation/icons"
"REF-105","rtl-arabic-localization","https://www.unicode.org/reports/tr9/","Spec","Unicode Bidirectional Algorithm","truncation/code/files","direction-neutral semantic tokens + logical properties","content-first hierarchy; Arabic line-height and bidi-aware mixed runs","4px-oriented constrained scale; consistent control/card/dialog rhythm","predictable hover/focus/pressed/disabled states","directionality and mixed-script correctness","spec guidance needs product-specific visual tuning","high","good/varies","medium","very high","logical properties, bidi isolation, direction-aware icons and content","product-specific branding or platform behavior that conflicts with Seven WebView","rtl-arabic-localization;truncation/code/files"
"REF-106","rtl-arabic-localization","https://www.unicode.org/faq/bidi.html","Spec","Unicode Bidi FAQ","layout direction","direction-neutral semantic tokens + logical properties","content-first hierarchy; Arabic line-height and bidi-aware mixed runs","4px-oriented constrained scale; consistent control/card/dialog rhythm","predictable hover/focus/pressed/disabled states","directionality and mixed-script correctness","spec guidance needs product-specific visual tuning","high","good/varies","medium","very high","logical properties, bidi isolation, direction-aware icons and content","product-specific branding or platform behavior that conflicts with Seven WebView","rtl-arabic-localization;layout-direction"
"REF-107","rtl-arabic-localization","https://www.unicode.org/faq/bidi.html","Spec","Unicode Bidi FAQ","mixed Arabic/Latin","direction-neutral semantic tokens + logical properties","content-first hierarchy; Arabic line-height and bidi-aware mixed runs","4px-oriented constrained scale; consistent control/card/dialog rhythm","predictable hover/focus/pressed/disabled states","directionality and mixed-script correctness","spec guidance needs product-specific visual tuning","high","good/varies","medium","very high","logical properties, bidi isolation, direction-aware icons and content","product-specific branding or platform behavior that conflicts with Seven WebView","rtl-arabic-localization;mixed-Arabic/Latin"
"REF-108","rtl-arabic-localization","https://www.unicode.org/faq/bidi.html","Spec","Unicode Bidi FAQ","numbers/punctuation","direction-neutral semantic tokens + logical properties","content-first hierarchy; Arabic line-height and bidi-aware mixed runs","4px-oriented constrained scale; consistent control/card/dialog rhythm","predictable hover/focus/pressed/disabled states","directionality and mixed-script correctness","spec guidance needs product-specific visual tuning","high","good/varies","medium","very high","logical properties, bidi isolation, direction-aware icons and content","product-specific branding or platform behavior that conflicts with Seven WebView","rtl-arabic-localization;numbers/punctuation"
"REF-109","rtl-arabic-localization","https://www.unicode.org/faq/bidi.html","Spec","Unicode Bidi FAQ","navigation/icons","direction-neutral semantic tokens + logical properties","content-first hierarchy; Arabic line-height and bidi-aware mixed runs","4px-oriented constrained scale; consistent control/card/dialog rhythm","predictable hover/focus/pressed/disabled states","directionality and mixed-script correctness","spec guidance needs product-specific visual tuning","high","good/varies","medium","very high","logical properties, bidi isolation, direction-aware icons and content","product-specific branding or platform behavior that conflicts with Seven WebView","rtl-arabic-localization;navigation/icons"
"REF-110","rtl-arabic-localization","https://www.unicode.org/faq/bidi.html","Spec","Unicode Bidi FAQ","truncation/code/files","direction-neutral semantic tokens + logical properties","content-first hierarchy; Arabic line-height and bidi-aware mixed runs","4px-oriented constrained scale; consistent control/card/dialog rhythm","predictable hover/focus/pressed/disabled states","directionality and mixed-script correctness","spec guidance needs product-specific visual tuning","high","good/varies","medium","very high","logical properties, bidi isolation, direction-aware icons and content","product-specific branding or platform behavior that conflicts with Seven WebView","rtl-arabic-localization;truncation/code/files"
"REF-111","rtl-arabic-localization","https://developer.mozilla.org/en-US/docs/Web/CSS/Guides/Logical_properties_and_values","Web","MDN Logical Properties","layout direction","direction-neutral semantic tokens + logical properties","content-first hierarchy; Arabic line-height and bidi-aware mixed runs","4px-oriented constrained scale; consistent control/card/dialog rhythm","predictable hover/focus/pressed/disabled states","directionality and mixed-script correctness","spec guidance needs product-specific visual tuning","high","good/varies","medium","very high","logical properties, bidi isolation, direction-aware icons and content","product-specific branding or platform behavior that conflicts with Seven WebView","rtl-arabic-localization;layout-direction"
"REF-112","rtl-arabic-localization","https://developer.mozilla.org/en-US/docs/Web/CSS/Guides/Logical_properties_and_values","Web","MDN Logical Properties","mixed Arabic/Latin","direction-neutral semantic tokens + logical properties","content-first hierarchy; Arabic line-height and bidi-aware mixed runs","4px-oriented constrained scale; consistent control/card/dialog rhythm","predictable hover/focus/pressed/disabled states","directionality and mixed-script correctness","spec guidance needs product-specific visual tuning","high","good/varies","medium","very high","logical properties, bidi isolation, direction-aware icons and content","product-specific branding or platform behavior that conflicts with Seven WebView","rtl-arabic-localization;mixed-Arabic/Latin"
"REF-113","rtl-arabic-localization","https://developer.mozilla.org/en-US/docs/Web/CSS/Guides/Logical_properties_and_values","Web","MDN Logical Properties","numbers/punctuation","direction-neutral semantic tokens + logical properties","content-first hierarchy; Arabic line-height and bidi-aware mixed runs","4px-oriented constrained scale; consistent control/card/dialog rhythm","predictable hover/focus/pressed/disabled states","directionality and mixed-script correctness","spec guidance needs product-specific visual tuning","high","good/varies","medium","very high","logical properties, bidi isolation, direction-aware icons and content","product-specific branding or platform behavior that conflicts with Seven WebView","rtl-arabic-localization;numbers/punctuation"
"REF-114","rtl-arabic-localization","https://developer.mozilla.org/en-US/docs/Web/CSS/Guides/Logical_properties_and_values","Web","MDN Logical Properties","navigation/icons","direction-neutral semantic tokens + logical properties","content-first hierarchy; Arabic line-height and bidi-aware mixed runs","4px-oriented constrained scale; consistent control/card/dialog rhythm","predictable hover/focus/pressed/disabled states","directionality and mixed-script correctness","spec guidance needs product-specific visual tuning","high","good/varies","medium","very high","logical properties, bidi isolation, direction-aware icons and content","product-specific branding or platform behavior that conflicts with Seven WebView","rtl-arabic-localization;navigation/icons"
"REF-115","rtl-arabic-localization","https://developer.mozilla.org/en-US/docs/Web/CSS/Guides/Logical_properties_and_values","Web","MDN Logical Properties","truncation/code/files","direction-neutral semantic tokens + logical properties","content-first hierarchy; Arabic line-height and bidi-aware mixed runs","4px-oriented constrained scale; consistent control/card/dialog rhythm","predictable hover/focus/pressed/disabled states","directionality and mixed-script correctness","spec guidance needs product-specific visual tuning","high","good/varies","medium","very high","logical properties, bidi isolation, direction-aware icons and content","product-specific branding or platform behavior that conflicts with Seven WebView","rtl-arabic-localization;truncation/code/files"
"REF-116","rtl-arabic-localization","https://www.w3.org/International/questions/qa-html-dir","Web","W3C Internationalization RTL","layout direction","direction-neutral semantic tokens + logical properties","content-first hierarchy; Arabic line-height and bidi-aware mixed runs","4px-oriented constrained scale; consistent control/card/dialog rhythm","predictable hover/focus/pressed/disabled states","directionality and mixed-script correctness","spec guidance needs product-specific visual tuning","high","good/varies","medium","very high","logical properties, bidi isolation, direction-aware icons and content","product-specific branding or platform behavior that conflicts with Seven WebView","rtl-arabic-localization;layout-direction"
"REF-117","rtl-arabic-localization","https://www.w3.org/International/questions/qa-html-dir","Web","W3C Internationalization RTL","mixed Arabic/Latin","direction-neutral semantic tokens + logical properties","content-first hierarchy; Arabic line-height and bidi-aware mixed runs","4px-oriented constrained scale; consistent control/card/dialog rhythm","predictable hover/focus/pressed/disabled states","directionality and mixed-script correctness","spec guidance needs product-specific visual tuning","high","good/varies","medium","very high","logical properties, bidi isolation, direction-aware icons and content","product-specific branding or platform behavior that conflicts with Seven WebView","rtl-arabic-localization;mixed-Arabic/Latin"
"REF-118","rtl-arabic-localization","https://www.w3.org/International/questions/qa-html-dir","Web","W3C Internationalization RTL","numbers/punctuation","direction-neutral semantic tokens + logical properties","content-first hierarchy; Arabic line-height and bidi-aware mixed runs","4px-oriented constrained scale; consistent control/card/dialog rhythm","predictable hover/focus/pressed/disabled states","directionality and mixed-script correctness","spec guidance needs product-specific visual tuning","high","good/varies","medium","very high","logical properties, bidi isolation, direction-aware icons and content","product-specific branding or platform behavior that conflicts with Seven WebView","rtl-arabic-localization;numbers/punctuation"
"REF-119","rtl-arabic-localization","https://www.w3.org/International/questions/qa-html-dir","Web","W3C Internationalization RTL","navigation/icons","direction-neutral semantic tokens + logical properties","content-first hierarchy; Arabic line-height and bidi-aware mixed runs","4px-oriented constrained scale; consistent control/card/dialog rhythm","predictable hover/focus/pressed/disabled states","directionality and mixed-script correctness","spec guidance needs product-specific visual tuning","high","good/varies","medium","very high","logical properties, bidi isolation, direction-aware icons and content","product-specific branding or platform behavior that conflicts with Seven WebView","rtl-arabic-localization;navigation/icons"
"REF-120","rtl-arabic-localization","https://www.w3.org/International/questions/qa-html-dir","Web","W3C Internationalization RTL","truncation/code/files","direction-neutral semantic tokens + logical properties","content-first hierarchy; Arabic line-height and bidi-aware mixed runs","4px-oriented constrained scale; consistent control/card/dialog rhythm","predictable hover/focus/pressed/disabled states","directionality and mixed-script correctness","spec guidance needs product-specific visual tuning","high","good/varies","medium","very high","logical properties, bidi isolation, direction-aware icons and content","product-specific branding or platform behavior that conflicts with Seven WebView","rtl-arabic-localization;truncation/code/files"
"REF-121","rtl-arabic-localization","https://m2.material.io/design/usability/bidirectionality.html","Android/Web","Material RTL guidance","layout direction","direction-neutral semantic tokens + logical properties","content-first hierarchy; Arabic line-height and bidi-aware mixed runs","4px-oriented constrained scale; consistent control/card/dialog rhythm","predictable hover/focus/pressed/disabled states","directionality and mixed-script correctness","spec guidance needs product-specific visual tuning","high","good/varies","high","very high","logical properties, bidi isolation, direction-aware icons and content","product-specific branding or platform behavior that conflicts with Seven WebView","rtl-arabic-localization;layout-direction"
"REF-122","rtl-arabic-localization","https://m2.material.io/design/usability/bidirectionality.html","Android/Web","Material RTL guidance","mixed Arabic/Latin","direction-neutral semantic tokens + logical properties","content-first hierarchy; Arabic line-height and bidi-aware mixed runs","4px-oriented constrained scale; consistent control/card/dialog rhythm","predictable hover/focus/pressed/disabled states","directionality and mixed-script correctness","spec guidance needs product-specific visual tuning","high","good/varies","high","very high","logical properties, bidi isolation, direction-aware icons and content","product-specific branding or platform behavior that conflicts with Seven WebView","rtl-arabic-localization;mixed-Arabic/Latin"
"REF-123","rtl-arabic-localization","https://m2.material.io/design/usability/bidirectionality.html","Android/Web","Material RTL guidance","numbers/punctuation","direction-neutral semantic tokens + logical properties","content-first hierarchy; Arabic line-height and bidi-aware mixed runs","4px-oriented constrained scale; consistent control/card/dialog rhythm","predictable hover/focus/pressed/disabled states","directionality and mixed-script correctness","spec guidance needs product-specific visual tuning","high","good/varies","high","very high","logical properties, bidi isolation, direction-aware icons and content","product-specific branding or platform behavior that conflicts with Seven WebView","rtl-arabic-localization;numbers/punctuation"
"REF-124","rtl-arabic-localization","https://m2.material.io/design/usability/bidirectionality.html","Android/Web","Material RTL guidance","navigation/icons","direction-neutral semantic tokens + logical properties","content-first hierarchy; Arabic line-height and bidi-aware mixed runs","4px-oriented constrained scale; consistent control/card/dialog rhythm","predictable hover/focus/pressed/disabled states","directionality and mixed-script correctness","spec guidance needs product-specific visual tuning","high","good/varies","high","very high","logical properties, bidi isolation, direction-aware icons and content","product-specific branding or platform behavior that conflicts with Seven WebView","rtl-arabic-localization;navigation/icons"
"REF-125","rtl-arabic-localization","https://m2.material.io/design/usability/bidirectionality.html","Android/Web","Material RTL guidance","truncation/code/files","direction-neutral semantic tokens + logical properties","content-first hierarchy; Arabic line-height and bidi-aware mixed runs","4px-oriented constrained scale; consistent control/card/dialog rhythm","predictable hover/focus/pressed/disabled states","directionality and mixed-script correctness","spec guidance needs product-specific visual tuning","high","good/varies","high","very high","logical properties, bidi isolation, direction-aware icons and content","product-specific branding or platform behavior that conflicts with Seven WebView","rtl-arabic-localization;truncation/code/files"
"REF-126","rtl-arabic-localization","https://developer.apple.com/design/human-interface-guidelines/right-to-left","Apple","Apple Right-to-left","layout direction","direction-neutral semantic tokens + logical properties","content-first hierarchy; Arabic line-height and bidi-aware mixed runs","4px-oriented constrained scale; consistent control/card/dialog rhythm","predictable hover/focus/pressed/disabled states","directionality and mixed-script correctness","spec guidance needs product-specific visual tuning","high","good/varies","high","very high","logical properties, bidi isolation, direction-aware icons and content","product-specific branding or platform behavior that conflicts with Seven WebView","rtl-arabic-localization;layout-direction"
"REF-127","rtl-arabic-localization","https://developer.apple.com/design/human-interface-guidelines/right-to-left","Apple","Apple Right-to-left","mixed Arabic/Latin","direction-neutral semantic tokens + logical properties","content-first hierarchy; Arabic line-height and bidi-aware mixed runs","4px-oriented constrained scale; consistent control/card/dialog rhythm","predictable hover/focus/pressed/disabled states","directionality and mixed-script correctness","spec guidance needs product-specific visual tuning","high","good/varies","high","very high","logical properties, bidi isolation, direction-aware icons and content","product-specific branding or platform behavior that conflicts with Seven WebView","rtl-arabic-localization;mixed-Arabic/Latin"
"REF-128","rtl-arabic-localization","https://developer.apple.com/design/human-interface-guidelines/right-to-left","Apple","Apple Right-to-left","numbers/punctuation","direction-neutral semantic tokens + logical properties","content-first hierarchy; Arabic line-height and bidi-aware mixed runs","4px-oriented constrained scale; consistent control/card/dialog rhythm","predictable hover/focus/pressed/disabled states","directionality and mixed-script correctness","spec guidance needs product-specific visual tuning","high","good/varies","high","very high","logical properties, bidi isolation, direction-aware icons and content","product-specific branding or platform behavior that conflicts with Seven WebView","rtl-arabic-localization;numbers/punctuation"
"REF-129","rtl-arabic-localization","https://developer.apple.com/design/human-interface-guidelines/right-to-left","Apple","Apple Right-to-left","navigation/icons","direction-neutral semantic tokens + logical properties","content-first hierarchy; Arabic line-height and bidi-aware mixed runs","4px-oriented constrained scale; consistent control/card/dialog rhythm","predictable hover/focus/pressed/disabled states","directionality and mixed-script correctness","spec guidance needs product-specific visual tuning","high","good/varies","high","very high","logical properties, bidi isolation, direction-aware icons and content","product-specific branding or platform behavior that conflicts with Seven WebView","rtl-arabic-localization;navigation/icons"
"REF-130","rtl-arabic-localization","https://developer.apple.com/design/human-interface-guidelines/right-to-left","Apple","Apple Right-to-left","truncation/code/files","direction-neutral semantic tokens + logical properties","content-first hierarchy; Arabic line-height and bidi-aware mixed runs","4px-oriented constrained scale; consistent control/card/dialog rhythm","predictable hover/focus/pressed/disabled states","directionality and mixed-script correctness","spec guidance needs product-specific visual tuning","high","good/varies","high","very high","logical properties, bidi isolation, direction-aware icons and content","product-specific branding or platform behavior that conflicts with Seven WebView","rtl-arabic-localization;truncation/code/files"
"REF-131","rtl-arabic-localization","https://cldr.unicode.org/","Localization","CLDR","layout direction","direction-neutral semantic tokens + logical properties","content-first hierarchy; Arabic line-height and bidi-aware mixed runs","4px-oriented constrained scale; consistent control/card/dialog rhythm","predictable hover/focus/pressed/disabled states","directionality and mixed-script correctness","spec guidance needs product-specific visual tuning","high","good/varies","medium","very high","logical properties, bidi isolation, direction-aware icons and content","product-specific branding or platform behavior that conflicts with Seven WebView","rtl-arabic-localization;layout-direction"
"REF-132","rtl-arabic-localization","https://cldr.unicode.org/","Localization","CLDR","mixed Arabic/Latin","direction-neutral semantic tokens + logical properties","content-first hierarchy; Arabic line-height and bidi-aware mixed runs","4px-oriented constrained scale; consistent control/card/dialog rhythm","predictable hover/focus/pressed/disabled states","directionality and mixed-script correctness","spec guidance needs product-specific visual tuning","high","good/varies","medium","very high","logical properties, bidi isolation, direction-aware icons and content","product-specific branding or platform behavior that conflicts with Seven WebView","rtl-arabic-localization;mixed-Arabic/Latin"
"REF-133","rtl-arabic-localization","https://cldr.unicode.org/","Localization","CLDR","numbers/punctuation","direction-neutral semantic tokens + logical properties","content-first hierarchy; Arabic line-height and bidi-aware mixed runs","4px-oriented constrained scale; consistent control/card/dialog rhythm","predictable hover/focus/pressed/disabled states","directionality and mixed-script correctness","spec guidance needs product-specific visual tuning","high","good/varies","medium","very high","logical properties, bidi isolation, direction-aware icons and content","product-specific branding or platform behavior that conflicts with Seven WebView","rtl-arabic-localization;numbers/punctuation"
"REF-134","rtl-arabic-localization","https://cldr.unicode.org/","Localization","CLDR","navigation/icons","direction-neutral semantic tokens + logical properties","content-first hierarchy; Arabic line-height and bidi-aware mixed runs","4px-oriented constrained scale; consistent control/card/dialog rhythm","predictable hover/focus/pressed/disabled states","directionality and mixed-script correctness","spec guidance needs product-specific visual tuning","high","good/varies","medium","very high","logical properties, bidi isolation, direction-aware icons and content","product-specific branding or platform behavior that conflicts with Seven WebView","rtl-arabic-localization;navigation/icons"
"REF-135","rtl-arabic-localization","https://cldr.unicode.org/","Localization","CLDR","truncation/code/files","direction-neutral semantic tokens + logical properties","content-first hierarchy; Arabic line-height and bidi-aware mixed runs","4px-oriented constrained scale; consistent control/card/dialog rhythm","predictable hover/focus/pressed/disabled states","directionality and mixed-script correctness","spec guidance needs product-specific visual tuning","high","good/varies","medium","very high","logical properties, bidi isolation, direction-aware icons and content","product-specific branding or platform behavior that conflicts with Seven WebView","rtl-arabic-localization;truncation/code/files"
"REF-136","rtl-arabic-localization","https://www.w3.org/TR/alreq/","Spec","Arabic Layout Requirements","layout direction","direction-neutral semantic tokens + logical properties","content-first hierarchy; Arabic line-height and bidi-aware mixed runs","4px-oriented constrained scale; consistent control/card/dialog rhythm","predictable hover/focus/pressed/disabled states","directionality and mixed-script correctness","spec guidance needs product-specific visual tuning","high","good/varies","medium","very high","logical properties, bidi isolation, direction-aware icons and content","product-specific branding or platform behavior that conflicts with Seven WebView","rtl-arabic-localization;layout-direction"
"REF-137","rtl-arabic-localization","https://www.w3.org/TR/alreq/","Spec","Arabic Layout Requirements","mixed Arabic/Latin","direction-neutral semantic tokens + logical properties","content-first hierarchy; Arabic line-height and bidi-aware mixed runs","4px-oriented constrained scale; consistent control/card/dialog rhythm","predictable hover/focus/pressed/disabled states","directionality and mixed-script correctness","spec guidance needs product-specific visual tuning","high","good/varies","medium","very high","logical properties, bidi isolation, direction-aware icons and content","product-specific branding or platform behavior that conflicts with Seven WebView","rtl-arabic-localization;mixed-Arabic/Latin"
"REF-138","rtl-arabic-localization","https://www.w3.org/TR/alreq/","Spec","Arabic Layout Requirements","numbers/punctuation","direction-neutral semantic tokens + logical properties","content-first hierarchy; Arabic line-height and bidi-aware mixed runs","4px-oriented constrained scale; consistent control/card/dialog rhythm","predictable hover/focus/pressed/disabled states","directionality and mixed-script correctness","spec guidance needs product-specific visual tuning","high","good/varies","medium","very high","logical properties, bidi isolation, direction-aware icons and content","product-specific branding or platform behavior that conflicts with Seven WebView","rtl-arabic-localization;numbers/punctuation"
"REF-139","rtl-arabic-localization","https://www.w3.org/TR/alreq/","Spec","Arabic Layout Requirements","navigation/icons","direction-neutral semantic tokens + logical properties","content-first hierarchy; Arabic line-height and bidi-aware mixed runs","4px-oriented constrained scale; consistent control/card/dialog rhythm","predictable hover/focus/pressed/disabled states","directionality and mixed-script correctness","spec guidance needs product-specific visual tuning","high","good/varies","medium","very high","logical properties, bidi isolation, direction-aware icons and content","product-specific branding or platform behavior that conflicts with Seven WebView","rtl-arabic-localization;navigation/icons"
"REF-140","rtl-arabic-localization","https://www.w3.org/TR/alreq/","Spec","Arabic Layout Requirements","truncation/code/files","direction-neutral semantic tokens + logical properties","content-first hierarchy; Arabic line-height and bidi-aware mixed runs","4px-oriented constrained scale; consistent control/card/dialog rhythm","predictable hover/focus/pressed/disabled states","directionality and mixed-script correctness","spec guidance needs product-specific visual tuning","high","good/varies","medium","very high","logical properties, bidi isolation, direction-aware icons and content","product-specific branding or platform behavior that conflicts with Seven WebView","rtl-arabic-localization;truncation/code/files"
"REF-141","rtl-arabic-localization","https://www.w3.org/TR/css-writing-modes-3/","Web","CSS Writing Modes","layout direction","direction-neutral semantic tokens + logical properties","content-first hierarchy; Arabic line-height and bidi-aware mixed runs","4px-oriented constrained scale; consistent control/card/dialog rhythm","predictable hover/focus/pressed/disabled states","directionality and mixed-script correctness","spec guidance needs product-specific visual tuning","high","good/varies","medium","very high","logical properties, bidi isolation, direction-aware icons and content","product-specific branding or platform behavior that conflicts with Seven WebView","rtl-arabic-localization;layout-direction"
"REF-142","rtl-arabic-localization","https://www.w3.org/TR/css-writing-modes-3/","Web","CSS Writing Modes","mixed Arabic/Latin","direction-neutral semantic tokens + logical properties","content-first hierarchy; Arabic line-height and bidi-aware mixed runs","4px-oriented constrained scale; consistent control/card/dialog rhythm","predictable hover/focus/pressed/disabled states","directionality and mixed-script correctness","spec guidance needs product-specific visual tuning","high","good/varies","medium","very high","logical properties, bidi isolation, direction-aware icons and content","product-specific branding or platform behavior that conflicts with Seven WebView","rtl-arabic-localization;mixed-Arabic/Latin"
"REF-143","rtl-arabic-localization","https://www.w3.org/TR/css-writing-modes-3/","Web","CSS Writing Modes","numbers/punctuation","direction-neutral semantic tokens + logical properties","content-first hierarchy; Arabic line-height and bidi-aware mixed runs","4px-oriented constrained scale; consistent control/card/dialog rhythm","predictable hover/focus/pressed/disabled states","directionality and mixed-script correctness","spec guidance needs product-specific visual tuning","high","good/varies","medium","very high","logical properties, bidi isolation, direction-aware icons and content","product-specific branding or platform behavior that conflicts with Seven WebView","rtl-arabic-localization;numbers/punctuation"
"REF-144","rtl-arabic-localization","https://www.w3.org/TR/css-writing-modes-3/","Web","CSS Writing Modes","navigation/icons","direction-neutral semantic tokens + logical properties","content-first hierarchy; Arabic line-height and bidi-aware mixed runs","4px-oriented constrained scale; consistent control/card/dialog rhythm","predictable hover/focus/pressed/disabled states","directionality and mixed-script correctness","spec guidance needs product-specific visual tuning","high","good/varies","medium","very high","logical properties, bidi isolation, direction-aware icons and content","product-specific branding or platform behavior that conflicts with Seven WebView","rtl-arabic-localization;navigation/icons"
"REF-145","rtl-arabic-localization","https://www.w3.org/TR/css-writing-modes-3/","Web","CSS Writing Modes","truncation/code/files","direction-neutral semantic tokens + logical properties","content-first hierarchy; Arabic line-height and bidi-aware mixed runs","4px-oriented constrained scale; consistent control/card/dialog rhythm","predictable hover/focus/pressed/disabled states","directionality and mixed-script correctness","spec guidance needs product-specific visual tuning","high","good/varies","medium","very high","logical properties, bidi isolation, direction-aware icons and content","product-specific branding or platform behavior that conflicts with Seven WebView","rtl-arabic-localization;truncation/code/files"
"REF-146","rtl-arabic-localization","https://tc39.es/ecma402/","Web/JS","ECMA-402 Intl","layout direction","direction-neutral semantic tokens + logical properties","content-first hierarchy; Arabic line-height and bidi-aware mixed runs","4px-oriented constrained scale; consistent control/card/dialog rhythm","predictable hover/focus/pressed/disabled states","directionality and mixed-script correctness","spec guidance needs product-specific visual tuning","high","good/varies","medium","very high","logical properties, bidi isolation, direction-aware icons and content","product-specific branding or platform behavior that conflicts with Seven WebView","rtl-arabic-localization;layout-direction"
"REF-147","rtl-arabic-localization","https://tc39.es/ecma402/","Web/JS","ECMA-402 Intl","mixed Arabic/Latin","direction-neutral semantic tokens + logical properties","content-first hierarchy; Arabic line-height and bidi-aware mixed runs","4px-oriented constrained scale; consistent control/card/dialog rhythm","predictable hover/focus/pressed/disabled states","directionality and mixed-script correctness","spec guidance needs product-specific visual tuning","high","good/varies","medium","very high","logical properties, bidi isolation, direction-aware icons and content","product-specific branding or platform behavior that conflicts with Seven WebView","rtl-arabic-localization;mixed-Arabic/Latin"
"REF-148","rtl-arabic-localization","https://tc39.es/ecma402/","Web/JS","ECMA-402 Intl","numbers/punctuation","direction-neutral semantic tokens + logical properties","content-first hierarchy; Arabic line-height and bidi-aware mixed runs","4px-oriented constrained scale; consistent control/card/dialog rhythm","predictable hover/focus/pressed/disabled states","directionality and mixed-script correctness","spec guidance needs product-specific visual tuning","high","good/varies","medium","very high","logical properties, bidi isolation, direction-aware icons and content","product-specific branding or platform behavior that conflicts with Seven WebView","rtl-arabic-localization;numbers/punctuation"
"REF-149","rtl-arabic-localization","https://tc39.es/ecma402/","Web/JS","ECMA-402 Intl","navigation/icons","direction-neutral semantic tokens + logical properties","content-first hierarchy; Arabic line-height and bidi-aware mixed runs","4px-oriented constrained scale; consistent control/card/dialog rhythm","predictable hover/focus/pressed/disabled states","directionality and mixed-script correctness","spec guidance needs product-specific visual tuning","high","good/varies","medium","very high","logical properties, bidi isolation, direction-aware icons and content","product-specific branding or platform behavior that conflicts with Seven WebView","rtl-arabic-localization;navigation/icons"
"REF-150","rtl-arabic-localization","https://tc39.es/ecma402/","Web/JS","ECMA-402 Intl","truncation/code/files","direction-neutral semantic tokens + logical properties","content-first hierarchy; Arabic line-height and bidi-aware mixed runs","4px-oriented constrained scale; consistent control/card/dialog rhythm","predictable hover/focus/pressed/disabled states","directionality and mixed-script correctness","spec guidance needs product-specific visual tuning","high","good/varies","medium","very high","logical properties, bidi isolation, direction-aware icons and content","product-specific branding or platform behavior that conflicts with Seven WebView","rtl-arabic-localization;truncation/code/files"
"REF-151","accessibility-responsive-theme","https://www.w3.org/TR/WCAG22/","Web","WCAG 2.2","focus/keyboard","semantic state tokens with accessible variants","scalable hierarchy; avoid fixed-height text containers","4px-oriented constrained scale; consistent control/card/dialog rhythm","predictable hover/focus/pressed/disabled states","inclusive interaction and robust scaling","patterns must be adapted; copying brand-specific visuals would reduce Seven identity","varies","high","medium","high","focus visibility, contrast, target sizing, text scaling, reduced motion","product-specific branding or platform behavior that conflicts with Seven WebView","accessibility-responsive-theme;focus/keyboard"
"REF-152","accessibility-responsive-theme","https://www.w3.org/TR/WCAG22/","Web","WCAG 2.2","contrast/color independence","semantic state tokens with accessible variants","scalable hierarchy; avoid fixed-height text containers","4px-oriented constrained scale; consistent control/card/dialog rhythm","predictable hover/focus/pressed/disabled states","inclusive interaction and robust scaling","patterns must be adapted; copying brand-specific visuals would reduce Seven identity","varies","high","medium","high","focus visibility, contrast, target sizing, text scaling, reduced motion","product-specific branding or platform behavior that conflicts with Seven WebView","accessibility-responsive-theme;contrast/color-independence"
"REF-153","accessibility-responsive-theme","https://www.w3.org/TR/WCAG22/","Web","WCAG 2.2","touch targets","semantic state tokens with accessible variants","scalable hierarchy; avoid fixed-height text containers","4px-oriented constrained scale; consistent control/card/dialog rhythm","minimum practical target size; visible state; no color-only meaning","inclusive interaction and robust scaling","patterns must be adapted; copying brand-specific visuals would reduce Seven identity","varies","high","medium","high","focus visibility, contrast, target sizing, text scaling, reduced motion","product-specific branding or platform behavior that conflicts with Seven WebView","accessibility-responsive-theme;touch-targets"
"REF-154","accessibility-responsive-theme","https://www.w3.org/TR/WCAG22/","Web","WCAG 2.2","text scaling/responsive","semantic state tokens with accessible variants","scalable hierarchy; avoid fixed-height text containers","4px-oriented constrained scale; consistent control/card/dialog rhythm","predictable hover/focus/pressed/disabled states","inclusive interaction and robust scaling","patterns must be adapted; copying brand-specific visuals would reduce Seven identity","varies","high","medium","high","focus visibility, contrast, target sizing, text scaling, reduced motion","product-specific branding or platform behavior that conflicts with Seven WebView","accessibility-responsive-theme;text-scaling/responsive"
"REF-155","accessibility-responsive-theme","https://www.w3.org/TR/WCAG22/","Web","WCAG 2.2","reduced motion/theme","semantic state tokens with accessible variants","scalable hierarchy; avoid fixed-height text containers","4px-oriented constrained scale; consistent control/card/dialog rhythm","predictable hover/focus/pressed/disabled states","inclusive interaction and robust scaling","patterns must be adapted; copying brand-specific visuals would reduce Seven identity","varies","high","medium","high","focus visibility, contrast, target sizing, text scaling, reduced motion","product-specific branding or platform behavior that conflicts with Seven WebView","accessibility-responsive-theme;reduced-motion/theme"
"REF-156","accessibility-responsive-theme","https://www.w3.org/WAI/ARIA/apg/","Web","WAI ARIA APG","focus/keyboard","semantic state tokens with accessible variants","scalable hierarchy; avoid fixed-height text containers","4px-oriented constrained scale; consistent control/card/dialog rhythm","predictable hover/focus/pressed/disabled states","inclusive interaction and robust scaling","patterns must be adapted; copying brand-specific visuals would reduce Seven identity","varies","high","medium","high","focus visibility, contrast, target sizing, text scaling, reduced motion","product-specific branding or platform behavior that conflicts with Seven WebView","accessibility-responsive-theme;focus/keyboard"
"REF-157","accessibility-responsive-theme","https://www.w3.org/WAI/ARIA/apg/","Web","WAI ARIA APG","contrast/color independence","semantic state tokens with accessible variants","scalable hierarchy; avoid fixed-height text containers","4px-oriented constrained scale; consistent control/card/dialog rhythm","predictable hover/focus/pressed/disabled states","inclusive interaction and robust scaling","patterns must be adapted; copying brand-specific visuals would reduce Seven identity","varies","high","medium","high","focus visibility, contrast, target sizing, text scaling, reduced motion","product-specific branding or platform behavior that conflicts with Seven WebView","accessibility-responsive-theme;contrast/color-independence"
"REF-158","accessibility-responsive-theme","https://www.w3.org/WAI/ARIA/apg/","Web","WAI ARIA APG","touch targets","semantic state tokens with accessible variants","scalable hierarchy; avoid fixed-height text containers","4px-oriented constrained scale; consistent control/card/dialog rhythm","minimum practical target size; visible state; no color-only meaning","inclusive interaction and robust scaling","patterns must be adapted; copying brand-specific visuals would reduce Seven identity","varies","high","medium","high","focus visibility, contrast, target sizing, text scaling, reduced motion","product-specific branding or platform behavior that conflicts with Seven WebView","accessibility-responsive-theme;touch-targets"
"REF-159","accessibility-responsive-theme","https://www.w3.org/WAI/ARIA/apg/","Web","WAI ARIA APG","text scaling/responsive","semantic state tokens with accessible variants","scalable hierarchy; avoid fixed-height text containers","4px-oriented constrained scale; consistent control/card/dialog rhythm","predictable hover/focus/pressed/disabled states","inclusive interaction and robust scaling","patterns must be adapted; copying brand-specific visuals would reduce Seven identity","varies","high","medium","high","focus visibility, contrast, target sizing, text scaling, reduced motion","product-specific branding or platform behavior that conflicts with Seven WebView","accessibility-responsive-theme;text-scaling/responsive"
"REF-160","accessibility-responsive-theme","https://www.w3.org/WAI/ARIA/apg/","Web","WAI ARIA APG","reduced motion/theme","semantic state tokens with accessible variants","scalable hierarchy; avoid fixed-height text containers","4px-oriented constrained scale; consistent control/card/dialog rhythm","predictable hover/focus/pressed/disabled states","inclusive interaction and robust scaling","patterns must be adapted; copying brand-specific visuals would reduce Seven identity","varies","high","medium","high","focus visibility, contrast, target sizing, text scaling, reduced motion","product-specific branding or platform behavior that conflicts with Seven WebView","accessibility-responsive-theme;reduced-motion/theme"
"REF-161","accessibility-responsive-theme","https://support.google.com/accessibility/android/","Android","Android Accessibility","focus/keyboard","semantic state tokens with accessible variants","scalable hierarchy; avoid fixed-height text containers","4px-oriented constrained scale; consistent control/card/dialog rhythm","predictable hover/focus/pressed/disabled states","inclusive interaction and robust scaling","patterns must be adapted; copying brand-specific visuals would reduce Seven identity","good","high","high","high","focus visibility, contrast, target sizing, text scaling, reduced motion","product-specific branding or platform behavior that conflicts with Seven WebView","accessibility-responsive-theme;focus/keyboard"
"REF-162","accessibility-responsive-theme","https://support.google.com/accessibility/android/","Android","Android Accessibility","contrast/color independence","semantic state tokens with accessible variants","scalable hierarchy; avoid fixed-height text containers","4px-oriented constrained scale; consistent control/card/dialog rhythm","predictable hover/focus/pressed/disabled states","inclusive interaction and robust scaling","patterns must be adapted; copying brand-specific visuals would reduce Seven identity","good","high","high","high","focus visibility, contrast, target sizing, text scaling, reduced motion","product-specific branding or platform behavior that conflicts with Seven WebView","accessibility-responsive-theme;contrast/color-independence"
"REF-163","accessibility-responsive-theme","https://support.google.com/accessibility/android/","Android","Android Accessibility","touch targets","semantic state tokens with accessible variants","scalable hierarchy; avoid fixed-height text containers","4px-oriented constrained scale; consistent control/card/dialog rhythm","minimum practical target size; visible state; no color-only meaning","inclusive interaction and robust scaling","patterns must be adapted; copying brand-specific visuals would reduce Seven identity","good","high","high","high","focus visibility, contrast, target sizing, text scaling, reduced motion","product-specific branding or platform behavior that conflicts with Seven WebView","accessibility-responsive-theme;touch-targets"
"REF-164","accessibility-responsive-theme","https://support.google.com/accessibility/android/","Android","Android Accessibility","text scaling/responsive","semantic state tokens with accessible variants","scalable hierarchy; avoid fixed-height text containers","4px-oriented constrained scale; consistent control/card/dialog rhythm","predictable hover/focus/pressed/disabled states","inclusive interaction and robust scaling","patterns must be adapted; copying brand-specific visuals would reduce Seven identity","good","high","high","high","focus visibility, contrast, target sizing, text scaling, reduced motion","product-specific branding or platform behavior that conflicts with Seven WebView","accessibility-responsive-theme;text-scaling/responsive"
"REF-165","accessibility-responsive-theme","https://support.google.com/accessibility/android/","Android","Android Accessibility","reduced motion/theme","semantic state tokens with accessible variants","scalable hierarchy; avoid fixed-height text containers","4px-oriented constrained scale; consistent control/card/dialog rhythm","predictable hover/focus/pressed/disabled states","inclusive interaction and robust scaling","patterns must be adapted; copying brand-specific visuals would reduce Seven identity","good","high","high","high","focus visibility, contrast, target sizing, text scaling, reduced motion","product-specific branding or platform behavior that conflicts with Seven WebView","accessibility-responsive-theme;reduced-motion/theme"
"REF-166","accessibility-responsive-theme","https://developer.apple.com/accessibility/","Apple","Apple Accessibility","focus/keyboard","semantic state tokens with accessible variants","scalable hierarchy; avoid fixed-height text containers","4px-oriented constrained scale; consistent control/card/dialog rhythm","predictable hover/focus/pressed/disabled states","inclusive interaction and robust scaling","patterns must be adapted; copying brand-specific visuals would reduce Seven identity","good","high","high","high","focus visibility, contrast, target sizing, text scaling, reduced motion","product-specific branding or platform behavior that conflicts with Seven WebView","accessibility-responsive-theme;focus/keyboard"
"REF-167","accessibility-responsive-theme","https://developer.apple.com/accessibility/","Apple","Apple Accessibility","contrast/color independence","semantic state tokens with accessible variants","scalable hierarchy; avoid fixed-height text containers","4px-oriented constrained scale; consistent control/card/dialog rhythm","predictable hover/focus/pressed/disabled states","inclusive interaction and robust scaling","patterns must be adapted; copying brand-specific visuals would reduce Seven identity","good","high","high","high","focus visibility, contrast, target sizing, text scaling, reduced motion","product-specific branding or platform behavior that conflicts with Seven WebView","accessibility-responsive-theme;contrast/color-independence"
"REF-168","accessibility-responsive-theme","https://developer.apple.com/accessibility/","Apple","Apple Accessibility","touch targets","semantic state tokens with accessible variants","scalable hierarchy; avoid fixed-height text containers","4px-oriented constrained scale; consistent control/card/dialog rhythm","minimum practical target size; visible state; no color-only meaning","inclusive interaction and robust scaling","patterns must be adapted; copying brand-specific visuals would reduce Seven identity","good","high","high","high","focus visibility, contrast, target sizing, text scaling, reduced motion","product-specific branding or platform behavior that conflicts with Seven WebView","accessibility-responsive-theme;touch-targets"
"REF-169","accessibility-responsive-theme","https://developer.apple.com/accessibility/","Apple","Apple Accessibility","text scaling/responsive","semantic state tokens with accessible variants","scalable hierarchy; avoid fixed-height text containers","4px-oriented constrained scale; consistent control/card/dialog rhythm","predictable hover/focus/pressed/disabled states","inclusive interaction and robust scaling","patterns must be adapted; copying brand-specific visuals would reduce Seven identity","good","high","high","high","focus visibility, contrast, target sizing, text scaling, reduced motion","product-specific branding or platform behavior that conflicts with Seven WebView","accessibility-responsive-theme;text-scaling/responsive"
"REF-170","accessibility-responsive-theme","https://developer.apple.com/accessibility/","Apple","Apple Accessibility","reduced motion/theme","semantic state tokens with accessible variants","scalable hierarchy; avoid fixed-height text containers","4px-oriented constrained scale; consistent control/card/dialog rhythm","predictable hover/focus/pressed/disabled states","inclusive interaction and robust scaling","patterns must be adapted; copying brand-specific visuals would reduce Seven identity","good","high","high","high","focus visibility, contrast, target sizing, text scaling, reduced motion","product-specific branding or platform behavior that conflicts with Seven WebView","accessibility-responsive-theme;reduced-motion/theme"
"REF-171","accessibility-responsive-theme","https://fluent2.microsoft.design/accessibility","Web/Windows","Fluent Accessibility","focus/keyboard","semantic state tokens with accessible variants","scalable hierarchy; avoid fixed-height text containers","4px-oriented constrained scale; consistent control/card/dialog rhythm","predictable hover/focus/pressed/disabled states","inclusive interaction and robust scaling","patterns must be adapted; copying brand-specific visuals would reduce Seven identity","varies","high","medium","high","focus visibility, contrast, target sizing, text scaling, reduced motion","product-specific branding or platform behavior that conflicts with Seven WebView","accessibility-responsive-theme;focus/keyboard"
"REF-172","accessibility-responsive-theme","https://fluent2.microsoft.design/accessibility","Web/Windows","Fluent Accessibility","contrast/color independence","semantic state tokens with accessible variants","scalable hierarchy; avoid fixed-height text containers","4px-oriented constrained scale; consistent control/card/dialog rhythm","predictable hover/focus/pressed/disabled states","inclusive interaction and robust scaling","patterns must be adapted; copying brand-specific visuals would reduce Seven identity","varies","high","medium","high","focus visibility, contrast, target sizing, text scaling, reduced motion","product-specific branding or platform behavior that conflicts with Seven WebView","accessibility-responsive-theme;contrast/color-independence"
"REF-173","accessibility-responsive-theme","https://fluent2.microsoft.design/accessibility","Web/Windows","Fluent Accessibility","touch targets","semantic state tokens with accessible variants","scalable hierarchy; avoid fixed-height text containers","4px-oriented constrained scale; consistent control/card/dialog rhythm","minimum practical target size; visible state; no color-only meaning","inclusive interaction and robust scaling","patterns must be adapted; copying brand-specific visuals would reduce Seven identity","varies","high","medium","high","focus visibility, contrast, target sizing, text scaling, reduced motion","product-specific branding or platform behavior that conflicts with Seven WebView","accessibility-responsive-theme;touch-targets"
"REF-174","accessibility-responsive-theme","https://fluent2.microsoft.design/accessibility","Web/Windows","Fluent Accessibility","text scaling/responsive","semantic state tokens with accessible variants","scalable hierarchy; avoid fixed-height text containers","4px-oriented constrained scale; consistent control/card/dialog rhythm","predictable hover/focus/pressed/disabled states","inclusive interaction and robust scaling","patterns must be adapted; copying brand-specific visuals would reduce Seven identity","varies","high","medium","high","focus visibility, contrast, target sizing, text scaling, reduced motion","product-specific branding or platform behavior that conflicts with Seven WebView","accessibility-responsive-theme;text-scaling/responsive"
"REF-175","accessibility-responsive-theme","https://fluent2.microsoft.design/accessibility","Web/Windows","Fluent Accessibility","reduced motion/theme","semantic state tokens with accessible variants","scalable hierarchy; avoid fixed-height text containers","4px-oriented constrained scale; consistent control/card/dialog rhythm","predictable hover/focus/pressed/disabled states","inclusive interaction and robust scaling","patterns must be adapted; copying brand-specific visuals would reduce Seven identity","varies","high","medium","high","focus visibility, contrast, target sizing, text scaling, reduced motion","product-specific branding or platform behavior that conflicts with Seven WebView","accessibility-responsive-theme;reduced-motion/theme"
"REF-176","accessibility-responsive-theme","https://carbondesignsystem.com/guidelines/accessibility/overview/","Web","Carbon Accessibility","focus/keyboard","semantic state tokens with accessible variants","scalable hierarchy; avoid fixed-height text containers","4px-oriented constrained scale; consistent control/card/dialog rhythm","predictable hover/focus/pressed/disabled states","inclusive interaction and robust scaling","patterns must be adapted; copying brand-specific visuals would reduce Seven identity","varies","high","medium","high","focus visibility, contrast, target sizing, text scaling, reduced motion","product-specific branding or platform behavior that conflicts with Seven WebView","accessibility-responsive-theme;focus/keyboard"
"REF-177","accessibility-responsive-theme","https://carbondesignsystem.com/guidelines/accessibility/overview/","Web","Carbon Accessibility","contrast/color independence","semantic state tokens with accessible variants","scalable hierarchy; avoid fixed-height text containers","4px-oriented constrained scale; consistent control/card/dialog rhythm","predictable hover/focus/pressed/disabled states","inclusive interaction and robust scaling","patterns must be adapted; copying brand-specific visuals would reduce Seven identity","varies","high","medium","high","focus visibility, contrast, target sizing, text scaling, reduced motion","product-specific branding or platform behavior that conflicts with Seven WebView","accessibility-responsive-theme;contrast/color-independence"
"REF-178","accessibility-responsive-theme","https://carbondesignsystem.com/guidelines/accessibility/overview/","Web","Carbon Accessibility","touch targets","semantic state tokens with accessible variants","scalable hierarchy; avoid fixed-height text containers","4px-oriented constrained scale; consistent control/card/dialog rhythm","minimum practical target size; visible state; no color-only meaning","inclusive interaction and robust scaling","patterns must be adapted; copying brand-specific visuals would reduce Seven identity","varies","high","medium","high","focus visibility, contrast, target sizing, text scaling, reduced motion","product-specific branding or platform behavior that conflicts with Seven WebView","accessibility-responsive-theme;touch-targets"
"REF-179","accessibility-responsive-theme","https://carbondesignsystem.com/guidelines/accessibility/overview/","Web","Carbon Accessibility","text scaling/responsive","semantic state tokens with accessible variants","scalable hierarchy; avoid fixed-height text containers","4px-oriented constrained scale; consistent control/card/dialog rhythm","predictable hover/focus/pressed/disabled states","inclusive interaction and robust scaling","patterns must be adapted; copying brand-specific visuals would reduce Seven identity","varies","high","medium","high","focus visibility, contrast, target sizing, text scaling, reduced motion","product-specific branding or platform behavior that conflicts with Seven WebView","accessibility-responsive-theme;text-scaling/responsive"
"REF-180","accessibility-responsive-theme","https://carbondesignsystem.com/guidelines/accessibility/overview/","Web","Carbon Accessibility","reduced motion/theme","semantic state tokens with accessible variants","scalable hierarchy; avoid fixed-height text containers","4px-oriented constrained scale; consistent control/card/dialog rhythm","predictable hover/focus/pressed/disabled states","inclusive interaction and robust scaling","patterns must be adapted; copying brand-specific visuals would reduce Seven identity","varies","high","medium","high","focus visibility, contrast, target sizing, text scaling, reduced motion","product-specific branding or platform behavior that conflicts with Seven WebView","accessibility-responsive-theme;reduced-motion/theme"
"REF-181","accessibility-responsive-theme","https://spectrum.adobe.com/page/accessibility/","Web","Spectrum Accessibility","focus/keyboard","semantic state tokens with accessible variants","scalable hierarchy; avoid fixed-height text containers","4px-oriented constrained scale; consistent control/card/dialog rhythm","predictable hover/focus/pressed/disabled states","inclusive interaction and robust scaling","patterns must be adapted; copying brand-specific visuals would reduce Seven identity","varies","high","medium","high","focus visibility, contrast, target sizing, text scaling, reduced motion","product-specific branding or platform behavior that conflicts with Seven WebView","accessibility-responsive-theme;focus/keyboard"
"REF-182","accessibility-responsive-theme","https://spectrum.adobe.com/page/accessibility/","Web","Spectrum Accessibility","contrast/color independence","semantic state tokens with accessible variants","scalable hierarchy; avoid fixed-height text containers","4px-oriented constrained scale; consistent control/card/dialog rhythm","predictable hover/focus/pressed/disabled states","inclusive interaction and robust scaling","patterns must be adapted; copying brand-specific visuals would reduce Seven identity","varies","high","medium","high","focus visibility, contrast, target sizing, text scaling, reduced motion","product-specific branding or platform behavior that conflicts with Seven WebView","accessibility-responsive-theme;contrast/color-independence"
"REF-183","accessibility-responsive-theme","https://spectrum.adobe.com/page/accessibility/","Web","Spectrum Accessibility","touch targets","semantic state tokens with accessible variants","scalable hierarchy; avoid fixed-height text containers","4px-oriented constrained scale; consistent control/card/dialog rhythm","minimum practical target size; visible state; no color-only meaning","inclusive interaction and robust scaling","patterns must be adapted; copying brand-specific visuals would reduce Seven identity","varies","high","medium","high","focus visibility, contrast, target sizing, text scaling, reduced motion","product-specific branding or platform behavior that conflicts with Seven WebView","accessibility-responsive-theme;touch-targets"
"REF-184","accessibility-responsive-theme","https://spectrum.adobe.com/page/accessibility/","Web","Spectrum Accessibility","text scaling/responsive","semantic state tokens with accessible variants","scalable hierarchy; avoid fixed-height text containers","4px-oriented constrained scale; consistent control/card/dialog rhythm","predictable hover/focus/pressed/disabled states","inclusive interaction and robust scaling","patterns must be adapted; copying brand-specific visuals would reduce Seven identity","varies","high","medium","high","focus visibility, contrast, target sizing, text scaling, reduced motion","product-specific branding or platform behavior that conflicts with Seven WebView","accessibility-responsive-theme;text-scaling/responsive"
"REF-185","accessibility-responsive-theme","https://spectrum.adobe.com/page/accessibility/","Web","Spectrum Accessibility","reduced motion/theme","semantic state tokens with accessible variants","scalable hierarchy; avoid fixed-height text containers","4px-oriented constrained scale; consistent control/card/dialog rhythm","predictable hover/focus/pressed/disabled states","inclusive interaction and robust scaling","patterns must be adapted; copying brand-specific visuals would reduce Seven identity","varies","high","medium","high","focus visibility, contrast, target sizing, text scaling, reduced motion","product-specific branding or platform behavior that conflicts with Seven WebView","accessibility-responsive-theme;reduced-motion/theme"
"REF-186","accessibility-responsive-theme","https://slack.com/help/articles/4455747966739-Accessibility-in-Slack","Web/Desktop/Mobile","Slack Accessibility","focus/keyboard","semantic state tokens with accessible variants","scalable hierarchy; avoid fixed-height text containers","4px-oriented constrained scale; consistent control/card/dialog rhythm","predictable hover/focus/pressed/disabled states","inclusive interaction and robust scaling","patterns must be adapted; copying brand-specific visuals would reduce Seven identity","varies","high","high","high","focus visibility, contrast, target sizing, text scaling, reduced motion","product-specific branding or platform behavior that conflicts with Seven WebView","accessibility-responsive-theme;focus/keyboard"
"REF-187","accessibility-responsive-theme","https://slack.com/help/articles/4455747966739-Accessibility-in-Slack","Web/Desktop/Mobile","Slack Accessibility","contrast/color independence","semantic state tokens with accessible variants","scalable hierarchy; avoid fixed-height text containers","4px-oriented constrained scale; consistent control/card/dialog rhythm","predictable hover/focus/pressed/disabled states","inclusive interaction and robust scaling","patterns must be adapted; copying brand-specific visuals would reduce Seven identity","varies","high","high","high","focus visibility, contrast, target sizing, text scaling, reduced motion","product-specific branding or platform behavior that conflicts with Seven WebView","accessibility-responsive-theme;contrast/color-independence"
"REF-188","accessibility-responsive-theme","https://slack.com/help/articles/4455747966739-Accessibility-in-Slack","Web/Desktop/Mobile","Slack Accessibility","touch targets","semantic state tokens with accessible variants","scalable hierarchy; avoid fixed-height text containers","4px-oriented constrained scale; consistent control/card/dialog rhythm","minimum practical target size; visible state; no color-only meaning","inclusive interaction and robust scaling","patterns must be adapted; copying brand-specific visuals would reduce Seven identity","varies","high","high","high","focus visibility, contrast, target sizing, text scaling, reduced motion","product-specific branding or platform behavior that conflicts with Seven WebView","accessibility-responsive-theme;touch-targets"
"REF-189","accessibility-responsive-theme","https://slack.com/help/articles/4455747966739-Accessibility-in-Slack","Web/Desktop/Mobile","Slack Accessibility","text scaling/responsive","semantic state tokens with accessible variants","scalable hierarchy; avoid fixed-height text containers","4px-oriented constrained scale; consistent control/card/dialog rhythm","predictable hover/focus/pressed/disabled states","inclusive interaction and robust scaling","patterns must be adapted; copying brand-specific visuals would reduce Seven identity","varies","high","high","high","focus visibility, contrast, target sizing, text scaling, reduced motion","product-specific branding or platform behavior that conflicts with Seven WebView","accessibility-responsive-theme;text-scaling/responsive"
"REF-190","accessibility-responsive-theme","https://slack.com/help/articles/4455747966739-Accessibility-in-Slack","Web/Desktop/Mobile","Slack Accessibility","reduced motion/theme","semantic state tokens with accessible variants","scalable hierarchy; avoid fixed-height text containers","4px-oriented constrained scale; consistent control/card/dialog rhythm","predictable hover/focus/pressed/disabled states","inclusive interaction and robust scaling","patterns must be adapted; copying brand-specific visuals would reduce Seven identity","varies","high","high","high","focus visibility, contrast, target sizing, text scaling, reduced motion","product-specific branding or platform behavior that conflicts with Seven WebView","accessibility-responsive-theme;reduced-motion/theme"
"REF-191","accessibility-responsive-theme","https://support.microsoft.com/en-US/accessibility/windows/change-color-contrast-in-windows","Windows","Microsoft Contrast Themes","focus/keyboard","semantic state tokens with accessible variants","scalable hierarchy; avoid fixed-height text containers","4px-oriented constrained scale; consistent control/card/dialog rhythm","predictable hover/focus/pressed/disabled states","inclusive interaction and robust scaling","patterns must be adapted; copying brand-specific visuals would reduce Seven identity","varies","high","medium","high","focus visibility, contrast, target sizing, text scaling, reduced motion","product-specific branding or platform behavior that conflicts with Seven WebView","accessibility-responsive-theme;focus/keyboard"
"REF-192","accessibility-responsive-theme","https://support.microsoft.com/en-US/accessibility/windows/change-color-contrast-in-windows","Windows","Microsoft Contrast Themes","contrast/color independence","semantic state tokens with accessible variants","scalable hierarchy; avoid fixed-height text containers","4px-oriented constrained scale; consistent control/card/dialog rhythm","predictable hover/focus/pressed/disabled states","inclusive interaction and robust scaling","patterns must be adapted; copying brand-specific visuals would reduce Seven identity","varies","high","medium","high","focus visibility, contrast, target sizing, text scaling, reduced motion","product-specific branding or platform behavior that conflicts with Seven WebView","accessibility-responsive-theme;contrast/color-independence"
"REF-193","accessibility-responsive-theme","https://support.microsoft.com/en-US/accessibility/windows/change-color-contrast-in-windows","Windows","Microsoft Contrast Themes","touch targets","semantic state tokens with accessible variants","scalable hierarchy; avoid fixed-height text containers","4px-oriented constrained scale; consistent control/card/dialog rhythm","minimum practical target size; visible state; no color-only meaning","inclusive interaction and robust scaling","patterns must be adapted; copying brand-specific visuals would reduce Seven identity","varies","high","medium","high","focus visibility, contrast, target sizing, text scaling, reduced motion","product-specific branding or platform behavior that conflicts with Seven WebView","accessibility-responsive-theme;touch-targets"
"REF-194","accessibility-responsive-theme","https://support.microsoft.com/en-US/accessibility/windows/change-color-contrast-in-windows","Windows","Microsoft Contrast Themes","text scaling/responsive","semantic state tokens with accessible variants","scalable hierarchy; avoid fixed-height text containers","4px-oriented constrained scale; consistent control/card/dialog rhythm","predictable hover/focus/pressed/disabled states","inclusive interaction and robust scaling","patterns must be adapted; copying brand-specific visuals would reduce Seven identity","varies","high","medium","high","focus visibility, contrast, target sizing, text scaling, reduced motion","product-specific branding or platform behavior that conflicts with Seven WebView","accessibility-responsive-theme;text-scaling/responsive"
"REF-195","accessibility-responsive-theme","https://support.microsoft.com/en-US/accessibility/windows/change-color-contrast-in-windows","Windows","Microsoft Contrast Themes","reduced motion/theme","semantic state tokens with accessible variants","scalable hierarchy; avoid fixed-height text containers","4px-oriented constrained scale; consistent control/card/dialog rhythm","predictable hover/focus/pressed/disabled states","inclusive interaction and robust scaling","patterns must be adapted; copying brand-specific visuals would reduce Seven identity","varies","high","medium","high","focus visibility, contrast, target sizing, text scaling, reduced motion","product-specific branding or platform behavior that conflicts with Seven WebView","accessibility-responsive-theme;reduced-motion/theme"
"REF-196","accessibility-responsive-theme","https://support.apple.com/guide/iphone/make-text-easier-to-read-iph3c076905a/ios","iOS","Apple Dynamic Type","focus/keyboard","semantic state tokens with accessible variants","scalable hierarchy; avoid fixed-height text containers","4px-oriented constrained scale; consistent control/card/dialog rhythm","predictable hover/focus/pressed/disabled states","inclusive interaction and robust scaling","patterns must be adapted; copying brand-specific visuals would reduce Seven identity","good","high","high","high","focus visibility, contrast, target sizing, text scaling, reduced motion","product-specific branding or platform behavior that conflicts with Seven WebView","accessibility-responsive-theme;focus/keyboard"
"REF-197","accessibility-responsive-theme","https://support.apple.com/guide/iphone/make-text-easier-to-read-iph3c076905a/ios","iOS","Apple Dynamic Type","contrast/color independence","semantic state tokens with accessible variants","scalable hierarchy; avoid fixed-height text containers","4px-oriented constrained scale; consistent control/card/dialog rhythm","predictable hover/focus/pressed/disabled states","inclusive interaction and robust scaling","patterns must be adapted; copying brand-specific visuals would reduce Seven identity","good","high","high","high","focus visibility, contrast, target sizing, text scaling, reduced motion","product-specific branding or platform behavior that conflicts with Seven WebView","accessibility-responsive-theme;contrast/color-independence"
"REF-198","accessibility-responsive-theme","https://support.apple.com/guide/iphone/make-text-easier-to-read-iph3c076905a/ios","iOS","Apple Dynamic Type","touch targets","semantic state tokens with accessible variants","scalable hierarchy; avoid fixed-height text containers","4px-oriented constrained scale; consistent control/card/dialog rhythm","minimum practical target size; visible state; no color-only meaning","inclusive interaction and robust scaling","patterns must be adapted; copying brand-specific visuals would reduce Seven identity","good","high","high","high","focus visibility, contrast, target sizing, text scaling, reduced motion","product-specific branding or platform behavior that conflicts with Seven WebView","accessibility-responsive-theme;touch-targets"
"REF-199","accessibility-responsive-theme","https://support.apple.com/guide/iphone/make-text-easier-to-read-iph3c076905a/ios","iOS","Apple Dynamic Type","text scaling/responsive","semantic state tokens with accessible variants","scalable hierarchy; avoid fixed-height text containers","4px-oriented constrained scale; consistent control/card/dialog rhythm","predictable hover/focus/pressed/disabled states","inclusive interaction and robust scaling","patterns must be adapted; copying brand-specific visuals would reduce Seven identity","good","high","high","high","focus visibility, contrast, target sizing, text scaling, reduced motion","product-specific branding or platform behavior that conflicts with Seven WebView","accessibility-responsive-theme;text-scaling/responsive"
"REF-200","accessibility-responsive-theme","https://support.apple.com/guide/iphone/make-text-easier-to-read-iph3c076905a/ios","iOS","Apple Dynamic Type","reduced motion/theme","semantic state tokens with accessible variants","scalable hierarchy; avoid fixed-height text containers","4px-oriented constrained scale; consistent control/card/dialog rhythm","predictable hover/focus/pressed/disabled states","inclusive interaction and robust scaling","patterns must be adapted; copying brand-specific visuals would reduce Seven identity","good","high","high","high","focus visibility, contrast, target sizing, text scaling, reduced motion","product-specific branding or platform behavior that conflicts with Seven WebView","accessibility-responsive-theme;reduced-motion/theme"