id,game/app,platform,source_url,surface,visual_style,information_density,interaction_pattern,strengths,weaknesses,narrative_strength,mobile_adaptability,suitability_for_seven,originality,what_to_extract,what_not_to_copy,tags
"RPG-A-001","Persona 5 Royal","PC / Console","https://megatenwiki.com/wiki/Category:Persona_5_Royal_Screenshots","dialogue choice","cinematic narrative","low–medium","progressive conversational disclosure","Keeps the story primary; speaker/choice hierarchy is immediately legible.","Can become visually repetitive or obscure state if every turn uses the same heavy card.","5","5","5","4","Use quiet speaker identity, differentiated narrator rhythm, and contextual choices; keep ordinary turns lightweight.","Do not copy franchise typography, exact panel geometry, portraits, or signature animation.","dialogue;dialogue-choice;cinematic-narrative"
"RPG-A-002","Persona 3 Reload","PC / Console","https://store.steampowered.com/search/?term=Persona%203%20Reload","narrator block","cinematic narrative","low–medium","progressive conversational disclosure","Keeps the story primary; speaker/choice hierarchy is immediately legible.","Can become visually repetitive or obscure state if every turn uses the same heavy card.","5","5","5","4","Use quiet speaker identity, differentiated narrator rhythm, and contextual choices; keep ordinary turns lightweight.","Do not copy franchise typography, exact panel geometry, portraits, or signature animation.","dialogue;narrator-block;cinematic-narrative"
"RPG-A-003","Baldur's Gate 3","PC / Console","https://www.gamesradar.com/i-let-real-life-dice-rolls-decide-my-baldurs-gate-3-fate-and-now-im-going-back-to-hell/","conversation history","cinematic narrative","low–medium","progressive conversational disclosure","Keeps the story primary; speaker/choice hierarchy is immediately legible.","Can become visually repetitive or obscure state if every turn uses the same heavy card.","5","5","5","4","Use quiet speaker identity, differentiated narrator rhythm, and contextual choices; keep ordinary turns lightweight.","Do not copy franchise typography, exact panel geometry, portraits, or signature animation.","dialogue;conversation-history;cinematic-narrative"
"RPG-A-004","Disco Elysium","PC / Console","https://journals.sagepub.com/doi/10.1177/15554120221115396","speaker identity","cinematic narrative","low–medium","progressive conversational disclosure","Keeps the story primary; speaker/choice hierarchy is immediately legible.","Can become visually repetitive or obscure state if every turn uses the same heavy card.","5","5","5","4","Use quiet speaker identity, differentiated narrator rhythm, and contextual choices; keep ordinary turns lightweight.","Do not copy franchise typography, exact panel geometry, portraits, or signature animation.","dialogue;speaker-identity;cinematic-narrative"
"RPG-A-005","Pentiment","PC / Console","https://www.neoseeker.com/pentiment/walkthrough/Act_I","cinematic choice","cinematic narrative","low–medium","progressive conversational disclosure","Keeps the story primary; speaker/choice hierarchy is immediately legible.","Can become visually repetitive or obscure state if every turn uses the same heavy card.","5","5","5","4","Use quiet speaker identity, differentiated narrator rhythm, and contextual choices; keep ordinary turns lightweight.","Do not copy franchise typography, exact panel geometry, portraits, or signature animation.","dialogue;cinematic-choice;cinematic-narrative"
"RPG-A-006","Citizen Sleeper","PC / Console","https://store.steampowered.com/app/1578650/Citizen_Sleeper/","minimal story mode","cinematic narrative","low–medium","progressive conversational disclosure","Keeps the story primary; speaker/choice hierarchy is immediately legible.","Can become visually repetitive or obscure state if every turn uses the same heavy card.","5","5","5","4","Use quiet speaker identity, differentiated narrator rhythm, and contextual choices; keep ordinary turns lightweight.","Do not copy franchise typography, exact panel geometry, portraits, or signature animation.","dialogue;minimal-story-mode;cinematic-narrative"
"RPG-A-007","Life is Strange","PC / Console","https://store.steampowered.com/search/?term=Life%20is%20Strange","dialogue choice","cinematic narrative","low–medium","progressive conversational disclosure","Keeps the story primary; speaker/choice hierarchy is immediately legible.","Can become visually repetitive or obscure state if every turn uses the same heavy card.","5","5","5","4","Use quiet speaker identity, differentiated narrator rhythm, and contextual choices; keep ordinary turns lightweight.","Do not copy franchise typography, exact panel geometry, portraits, or signature animation.","dialogue;dialogue-choice;cinematic-narrative"
"RPG-A-008","The Walking Dead","PC / Console","https://store.steampowered.com/search/?term=The%20Walking%20Dead%20Telltale","narrator block","cinematic narrative","low–medium","progressive conversational disclosure","Keeps the story primary; speaker/choice hierarchy is immediately legible.","Can become visually repetitive or obscure state if every turn uses the same heavy card.","5","5","5","4","Use quiet speaker identity, differentiated narrator rhythm, and contextual choices; keep ordinary turns lightweight.","Do not copy franchise typography, exact panel geometry, portraits, or signature animation.","dialogue;narrator-block;cinematic-narrative"
"RPG-A-009","Octopath Traveler II","PC / Console","https://store.steampowered.com/search/?term=Octopath%20Traveler%20II","conversation history","cinematic narrative","low–medium","progressive conversational disclosure","Keeps the story primary; speaker/choice hierarchy is immediately legible.","Can become visually repetitive or obscure state if every turn uses the same heavy card.","5","5","5","4","Use quiet speaker identity, differentiated narrator rhythm, and contextual choices; keep ordinary turns lightweight.","Do not copy franchise typography, exact panel geometry, portraits, or signature animation.","dialogue;conversation-history;cinematic-narrative"
"RPG-A-010","Final Fantasy VII Remake","PC / Console","https://store.steampowered.com/search/?term=Final%20Fantasy%20VII%20Remake","speaker identity","cinematic narrative","low–medium","progressive conversational disclosure","Keeps the story primary; speaker/choice hierarchy is immediately legible.","Can become visually repetitive or obscure state if every turn uses the same heavy card.","5","5","5","4","Use quiet speaker identity, differentiated narrator rhythm, and contextual choices; keep ordinary turns lightweight.","Do not copy franchise typography, exact panel geometry, portraits, or signature animation.","dialogue;speaker-identity;cinematic-narrative"
"RPG-A-011","13 Sentinels: Aegis Rim","Console","https://www.nintendo.com/us/search/#q=13%20Sentinels","cinematic choice","cinematic narrative","low–medium","progressive conversational disclosure","Keeps the story primary; speaker/choice hierarchy is immediately legible.","Can become visually repetitive or obscure state if every turn uses the same heavy card.","5","5","5","4","Use quiet speaker identity, differentiated narrator rhythm, and contextual choices; keep ordinary turns lightweight.","Do not copy franchise typography, exact panel geometry, portraits, or signature animation.","dialogue;cinematic-choice;cinematic-narrative"
"RPG-A-012","Reverse: 1999","Mobile / PC","https://store.steampowered.com/search/?term=Reverse%201999","minimal story mode","cinematic narrative","low–medium","progressive conversational disclosure","Keeps the story primary; speaker/choice hierarchy is immediately legible.","Can become visually repetitive or obscure state if every turn uses the same heavy card.","5","5","5","4","Use quiet speaker identity, differentiated narrator rhythm, and contextual choices; keep ordinary turns lightweight.","Do not copy franchise typography, exact panel geometry, portraits, or signature animation.","dialogue;minimal-story-mode;cinematic-narrative"
"RPG-A-013","Fate/Grand Order","Mobile / PC","https://www.google.com/search?tbm=isch&q=Fate%20Grand%20Order%20dialogue%20UI","dialogue choice","cinematic narrative","low–medium","progressive conversational disclosure","Keeps the story primary; speaker/choice hierarchy is immediately legible.","Can become visually repetitive or obscure state if every turn uses the same heavy card.","5","5","5","4","Use quiet speaker identity, differentiated narrator rhythm, and contextual choices; keep ordinary turns lightweight.","Do not copy franchise typography, exact panel geometry, portraits, or signature animation.","dialogue;dialogue-choice;cinematic-narrative"
"RPG-A-014","Detroit: Become Human","PC / Console","https://store.steampowered.com/search/?term=Detroit%20Become%20Human","narrator block","cinematic narrative","low–medium","progressive conversational disclosure","Keeps the story primary; speaker/choice hierarchy is immediately legible.","Can become visually repetitive or obscure state if every turn uses the same heavy card.","5","5","5","4","Use quiet speaker identity, differentiated narrator rhythm, and contextual choices; keep ordinary turns lightweight.","Do not copy franchise typography, exact panel geometry, portraits, or signature animation.","dialogue;narrator-block;cinematic-narrative"
"RPG-A-015","AI: The Somnium Files","PC / Console","https://store.steampowered.com/search/?term=AI%20The%20Somnium%20Files","conversation history","cinematic narrative","low–medium","progressive conversational disclosure","Keeps the story primary; speaker/choice hierarchy is immediately legible.","Can become visually repetitive or obscure state if every turn uses the same heavy card.","5","5","5","4","Use quiet speaker identity, differentiated narrator rhythm, and contextual choices; keep ordinary turns lightweight.","Do not copy franchise typography, exact panel geometry, portraits, or signature animation.","dialogue;conversation-history;cinematic-narrative"
"RPG-A-016","VA-11 Hall-A","PC / Console","https://store.steampowered.com/search/?term=VA-11%20Hall-A","speaker identity","cinematic narrative","low–medium","progressive conversational disclosure","Keeps the story primary; speaker/choice hierarchy is immediately legible.","Can become visually repetitive or obscure state if every turn uses the same heavy card.","5","5","5","4","Use quiet speaker identity, differentiated narrator rhythm, and contextual choices; keep ordinary turns lightweight.","Do not copy franchise typography, exact panel geometry, portraits, or signature animation.","dialogue;speaker-identity;cinematic-narrative"
"RPG-A-017","Coffee Talk","PC / Console","https://store.steampowered.com/search/?term=Coffee%20Talk","cinematic choice","cinematic narrative","low–medium","progressive conversational disclosure","Keeps the story primary; speaker/choice hierarchy is immediately legible.","Can become visually repetitive or obscure state if every turn uses the same heavy card.","5","5","5","4","Use quiet speaker identity, differentiated narrator rhythm, and contextual choices; keep ordinary turns lightweight.","Do not copy franchise typography, exact panel geometry, portraits, or signature animation.","dialogue;cinematic-choice;cinematic-narrative"
"RPG-A-018","Oxenfree","PC / Console","https://store.steampowered.com/search/?term=Oxenfree","minimal story mode","cinematic narrative","low–medium","progressive conversational disclosure","Keeps the story primary; speaker/choice hierarchy is immediately legible.","Can become visually repetitive or obscure state if every turn uses the same heavy card.","5","5","5","4","Use quiet speaker identity, differentiated narrator rhythm, and contextual choices; keep ordinary turns lightweight.","Do not copy franchise typography, exact panel geometry, portraits, or signature animation.","dialogue;minimal-story-mode;cinematic-narrative"
"RPG-A-019","Persona 5 Royal","PC / Console","https://megatenwiki.com/wiki/Category:Persona_5_Royal_Screenshots","dialogue choice","cinematic narrative","low–medium","progressive conversational disclosure","Keeps the story primary; speaker/choice hierarchy is immediately legible.","Can become visually repetitive or obscure state if every turn uses the same heavy card.","5","5","5","4","Use quiet speaker identity, differentiated narrator rhythm, and contextual choices; keep ordinary turns lightweight.","Do not copy franchise typography, exact panel geometry, portraits, or signature animation.","dialogue;dialogue-choice;cinematic-narrative"
"RPG-A-020","Persona 3 Reload","PC / Console","https://store.steampowered.com/search/?term=Persona%203%20Reload","narrator block","cinematic narrative","low–medium","progressive conversational disclosure","Keeps the story primary; speaker/choice hierarchy is immediately legible.","Can become visually repetitive or obscure state if every turn uses the same heavy card.","5","5","5","4","Use quiet speaker identity, differentiated narrator rhythm, and contextual choices; keep ordinary turns lightweight.","Do not copy franchise typography, exact panel geometry, portraits, or signature animation.","dialogue;narrator-block;cinematic-narrative"
"RPG-A-021","Baldur's Gate 3","PC / Console","https://www.gamesradar.com/i-let-real-life-dice-rolls-decide-my-baldurs-gate-3-fate-and-now-im-going-back-to-hell/","conversation history","cinematic narrative","low–medium","progressive conversational disclosure","Keeps the story primary; speaker/choice hierarchy is immediately legible.","Can become visually repetitive or obscure state if every turn uses the same heavy card.","5","5","5","4","Use quiet speaker identity, differentiated narrator rhythm, and contextual choices; keep ordinary turns lightweight.","Do not copy franchise typography, exact panel geometry, portraits, or signature animation.","dialogue;conversation-history;cinematic-narrative"
"RPG-A-022","Disco Elysium","PC / Console","https://journals.sagepub.com/doi/10.1177/15554120221115396","speaker identity","cinematic narrative","low–medium","progressive conversational disclosure","Keeps the story primary; speaker/choice hierarchy is immediately legible.","Can become visually repetitive or obscure state if every turn uses the same heavy card.","5","5","5","4","Use quiet speaker identity, differentiated narrator rhythm, and contextual choices; keep ordinary turns lightweight.","Do not copy franchise typography, exact panel geometry, portraits, or signature animation.","dialogue;speaker-identity;cinematic-narrative"
"RPG-A-023","Pentiment","PC / Console","https://www.neoseeker.com/pentiment/walkthrough/Act_I","cinematic choice","cinematic narrative","low–medium","progressive conversational disclosure","Keeps the story primary; speaker/choice hierarchy is immediately legible.","Can become visually repetitive or obscure state if every turn uses the same heavy card.","5","5","5","4","Use quiet speaker identity, differentiated narrator rhythm, and contextual choices; keep ordinary turns lightweight.","Do not copy franchise typography, exact panel geometry, portraits, or signature animation.","dialogue;cinematic-choice;cinematic-narrative"
"RPG-A-024","Citizen Sleeper","PC / Console","https://store.steampowered.com/app/1578650/Citizen_Sleeper/","minimal story mode","cinematic narrative","low–medium","progressive conversational disclosure","Keeps the story primary; speaker/choice hierarchy is immediately legible.","Can become visually repetitive or obscure state if every turn uses the same heavy card.","5","5","5","4","Use quiet speaker identity, differentiated narrator rhythm, and contextual choices; keep ordinary turns lightweight.","Do not copy franchise typography, exact panel geometry, portraits, or signature animation.","dialogue;minimal-story-mode;cinematic-narrative"
"RPG-A-025","Life is Strange","PC / Console","https://store.steampowered.com/search/?term=Life%20is%20Strange","dialogue choice","cinematic narrative","low–medium","progressive conversational disclosure","Keeps the story primary; speaker/choice hierarchy is immediately legible.","Can become visually repetitive or obscure state if every turn uses the same heavy card.","5","5","5","4","Use quiet speaker identity, differentiated narrator rhythm, and contextual choices; keep ordinary turns lightweight.","Do not copy franchise typography, exact panel geometry, portraits, or signature animation.","dialogue;dialogue-choice;cinematic-narrative"
"RPG-A-026","The Walking Dead","PC / Console","https://store.steampowered.com/search/?term=The%20Walking%20Dead%20Telltale","narrator block","cinematic narrative","low–medium","progressive conversational disclosure","Keeps the story primary; speaker/choice hierarchy is immediately legible.","Can become visually repetitive or obscure state if every turn uses the same heavy card.","5","5","5","4","Use quiet speaker identity, differentiated narrator rhythm, and contextual choices; keep ordinary turns lightweight.","Do not copy franchise typography, exact panel geometry, portraits, or signature animation.","dialogue;narrator-block;cinematic-narrative"
"RPG-A-027","Octopath Traveler II","PC / Console","https://store.steampowered.com/search/?term=Octopath%20Traveler%20II","conversation history","cinematic narrative","low–medium","progressive conversational disclosure","Keeps the story primary; speaker/choice hierarchy is immediately legible.","Can become visually repetitive or obscure state if every turn uses the same heavy card.","5","5","5","4","Use quiet speaker identity, differentiated narrator rhythm, and contextual choices; keep ordinary turns lightweight.","Do not copy franchise typography, exact panel geometry, portraits, or signature animation.","dialogue;conversation-history;cinematic-narrative"
"RPG-A-028","Final Fantasy VII Remake","PC / Console","https://store.steampowered.com/search/?term=Final%20Fantasy%20VII%20Remake","speaker identity","cinematic narrative","low–medium","progressive conversational disclosure","Keeps the story primary; speaker/choice hierarchy is immediately legible.","Can become visually repetitive or obscure state if every turn uses the same heavy card.","5","5","5","4","Use quiet speaker identity, differentiated narrator rhythm, and contextual choices; keep ordinary turns lightweight.","Do not copy franchise typography, exact panel geometry, portraits, or signature animation.","dialogue;speaker-identity;cinematic-narrative"
"RPG-A-029","13 Sentinels: Aegis Rim","Console","https://www.nintendo.com/us/search/#q=13%20Sentinels","cinematic choice","cinematic narrative","low–medium","progressive conversational disclosure","Keeps the story primary; speaker/choice hierarchy is immediately legible.","Can become visually repetitive or obscure state if every turn uses the same heavy card.","5","5","5","4","Use quiet speaker identity, differentiated narrator rhythm, and contextual choices; keep ordinary turns lightweight.","Do not copy franchise typography, exact panel geometry, portraits, or signature animation.","dialogue;cinematic-choice;cinematic-narrative"
"RPG-A-030","Reverse: 1999","Mobile / PC","https://store.steampowered.com/search/?term=Reverse%201999","minimal story mode","cinematic narrative","low–medium","progressive conversational disclosure","Keeps the story primary; speaker/choice hierarchy is immediately legible.","Can become visually repetitive or obscure state if every turn uses the same heavy card.","5","5","5","4","Use quiet speaker identity, differentiated narrator rhythm, and contextual choices; keep ordinary turns lightweight.","Do not copy franchise typography, exact panel geometry, portraits, or signature animation.","dialogue;minimal-story-mode;cinematic-narrative"
"RPG-A-031","Fate/Grand Order","Mobile / PC","https://www.google.com/search?tbm=isch&q=Fate%20Grand%20Order%20dialogue%20UI","dialogue choice","cinematic narrative","low–medium","progressive conversational disclosure","Keeps the story primary; speaker/choice hierarchy is immediately legible.","Can become visually repetitive or obscure state if every turn uses the same heavy card.","5","5","5","4","Use quiet speaker identity, differentiated narrator rhythm, and contextual choices; keep ordinary turns lightweight.","Do not copy franchise typography, exact panel geometry, portraits, or signature animation.","dialogue;dialogue-choice;cinematic-narrative"
"RPG-A-032","Detroit: Become Human","PC / Console","https://store.steampowered.com/search/?term=Detroit%20Become%20Human","narrator block","cinematic narrative","low–medium","progressive conversational disclosure","Keeps the story primary; speaker/choice hierarchy is immediately legible.","Can become visually repetitive or obscure state if every turn uses the same heavy card.","5","5","5","4","Use quiet speaker identity, differentiated narrator rhythm, and contextual choices; keep ordinary turns lightweight.","Do not copy franchise typography, exact panel geometry, portraits, or signature animation.","dialogue;narrator-block;cinematic-narrative"
"RPG-A-033","AI: The Somnium Files","PC / Console","https://store.steampowered.com/search/?term=AI%20The%20Somnium%20Files","conversation history","cinematic narrative","low–medium","progressive conversational disclosure","Keeps the story primary; speaker/choice hierarchy is immediately legible.","Can become visually repetitive or obscure state if every turn uses the same heavy card.","5","5","5","4","Use quiet speaker identity, differentiated narrator rhythm, and contextual choices; keep ordinary turns lightweight.","Do not copy franchise typography, exact panel geometry, portraits, or signature animation.","dialogue;conversation-history;cinematic-narrative"
"RPG-A-034","VA-11 Hall-A","PC / Console","https://store.steampowered.com/search/?term=VA-11%20Hall-A","speaker identity","cinematic narrative","low–medium","progressive conversational disclosure","Keeps the story primary; speaker/choice hierarchy is immediately legible.","Can become visually repetitive or obscure state if every turn uses the same heavy card.","5","5","5","4","Use quiet speaker identity, differentiated narrator rhythm, and contextual choices; keep ordinary turns lightweight.","Do not copy franchise typography, exact panel geometry, portraits, or signature animation.","dialogue;speaker-identity;cinematic-narrative"
"RPG-A-035","Coffee Talk","PC / Console","https://store.steampowered.com/search/?term=Coffee%20Talk","cinematic choice","cinematic narrative","low–medium","progressive conversational disclosure","Keeps the story primary; speaker/choice hierarchy is immediately legible.","Can become visually repetitive or obscure state if every turn uses the same heavy card.","5","5","5","4","Use quiet speaker identity, differentiated narrator rhythm, and contextual choices; keep ordinary turns lightweight.","Do not copy franchise typography, exact panel geometry, portraits, or signature animation.","dialogue;cinematic-choice;cinematic-narrative"
"RPG-A-036","Oxenfree","PC / Console","https://store.steampowered.com/search/?term=Oxenfree","minimal story mode","cinematic narrative","low–medium","progressive conversational disclosure","Keeps the story primary; speaker/choice hierarchy is immediately legible.","Can become visually repetitive or obscure state if every turn uses the same heavy card.","5","5","5","4","Use quiet speaker identity, differentiated narrator rhythm, and contextual choices; keep ordinary turns lightweight.","Do not copy franchise typography, exact panel geometry, portraits, or signature animation.","dialogue;minimal-story-mode;cinematic-narrative"
"RPG-A-037","Persona 5 Royal","PC / Console","https://megatenwiki.com/wiki/Category:Persona_5_Royal_Screenshots","dialogue choice","cinematic narrative","low–medium","progressive conversational disclosure","Keeps the story primary; speaker/choice hierarchy is immediately legible.","Can become visually repetitive or obscure state if every turn uses the same heavy card.","5","5","5","4","Use quiet speaker identity, differentiated narrator rhythm, and contextual choices; keep ordinary turns lightweight.","Do not copy franchise typography, exact panel geometry, portraits, or signature animation.","dialogue;dialogue-choice;cinematic-narrative"
"RPG-A-038","Persona 3 Reload","PC / Console","https://store.steampowered.com/search/?term=Persona%203%20Reload","narrator block","cinematic narrative","low–medium","progressive conversational disclosure","Keeps the story primary; speaker/choice hierarchy is immediately legible.","Can become visually repetitive or obscure state if every turn uses the same heavy card.","5","5","5","4","Use quiet speaker identity, differentiated narrator rhythm, and contextual choices; keep ordinary turns lightweight.","Do not copy franchise typography, exact panel geometry, portraits, or signature animation.","dialogue;narrator-block;cinematic-narrative"
"RPG-A-039","Baldur's Gate 3","PC / Console","https://www.gamesradar.com/i-let-real-life-dice-rolls-decide-my-baldurs-gate-3-fate-and-now-im-going-back-to-hell/","conversation history","cinematic narrative","low–medium","progressive conversational disclosure","Keeps the story primary; speaker/choice hierarchy is immediately legible.","Can become visually repetitive or obscure state if every turn uses the same heavy card.","5","5","5","4","Use quiet speaker identity, differentiated narrator rhythm, and contextual choices; keep ordinary turns lightweight.","Do not copy franchise typography, exact panel geometry, portraits, or signature animation.","dialogue;conversation-history;cinematic-narrative"
"RPG-A-040","Disco Elysium","PC / Console","https://journals.sagepub.com/doi/10.1177/15554120221115396","speaker identity","cinematic narrative","low–medium","progressive conversational disclosure","Keeps the story primary; speaker/choice hierarchy is immediately legible.","Can become visually repetitive or obscure state if every turn uses the same heavy card.","5","5","5","4","Use quiet speaker identity, differentiated narrator rhythm, and contextual choices; keep ordinary turns lightweight.","Do not copy franchise typography, exact panel geometry, portraits, or signature animation.","dialogue;speaker-identity;cinematic-narrative"
"RPG-A-041","Pentiment","PC / Console","https://www.neoseeker.com/pentiment/walkthrough/Act_I","cinematic choice","cinematic narrative","low–medium","progressive conversational disclosure","Keeps the story primary; speaker/choice hierarchy is immediately legible.","Can become visually repetitive or obscure state if every turn uses the same heavy card.","5","5","5","4","Use quiet speaker identity, differentiated narrator rhythm, and contextual choices; keep ordinary turns lightweight.","Do not copy franchise typography, exact panel geometry, portraits, or signature animation.","dialogue;cinematic-choice;cinematic-narrative"
"RPG-A-042","Citizen Sleeper","PC / Console","https://store.steampowered.com/app/1578650/Citizen_Sleeper/","minimal story mode","cinematic narrative","low–medium","progressive conversational disclosure","Keeps the story primary; speaker/choice hierarchy is immediately legible.","Can become visually repetitive or obscure state if every turn uses the same heavy card.","5","5","5","4","Use quiet speaker identity, differentiated narrator rhythm, and contextual choices; keep ordinary turns lightweight.","Do not copy franchise typography, exact panel geometry, portraits, or signature animation.","dialogue;minimal-story-mode;cinematic-narrative"
"RPG-A-043","Life is Strange","PC / Console","https://store.steampowered.com/search/?term=Life%20is%20Strange","dialogue choice","cinematic narrative","low–medium","progressive conversational disclosure","Keeps the story primary; speaker/choice hierarchy is immediately legible.","Can become visually repetitive or obscure state if every turn uses the same heavy card.","5","5","5","4","Use quiet speaker identity, differentiated narrator rhythm, and contextual choices; keep ordinary turns lightweight.","Do not copy franchise typography, exact panel geometry, portraits, or signature animation.","dialogue;dialogue-choice;cinematic-narrative"
"RPG-A-044","The Walking Dead","PC / Console","https://store.steampowered.com/search/?term=The%20Walking%20Dead%20Telltale","narrator block","cinematic narrative","low–medium","progressive conversational disclosure","Keeps the story primary; speaker/choice hierarchy is immediately legible.","Can become visually repetitive or obscure state if every turn uses the same heavy card.","5","5","5","4","Use quiet speaker identity, differentiated narrator rhythm, and contextual choices; keep ordinary turns lightweight.","Do not copy franchise typography, exact panel geometry, portraits, or signature animation.","dialogue;narrator-block;cinematic-narrative"
"RPG-A-045","Octopath Traveler II","PC / Console","https://store.steampowered.com/search/?term=Octopath%20Traveler%20II","conversation history","cinematic narrative","low–medium","progressive conversational disclosure","Keeps the story primary; speaker/choice hierarchy is immediately legible.","Can become visually repetitive or obscure state if every turn uses the same heavy card.","5","5","5","4","Use quiet speaker identity, differentiated narrator rhythm, and contextual choices; keep ordinary turns lightweight.","Do not copy franchise typography, exact panel geometry, portraits, or signature animation.","dialogue;conversation-history;cinematic-narrative"
"RPG-A-046","Final Fantasy VII Remake","PC / Console","https://store.steampowered.com/search/?term=Final%20Fantasy%20VII%20Remake","speaker identity","cinematic narrative","low–medium","progressive conversational disclosure","Keeps the story primary; speaker/choice hierarchy is immediately legible.","Can become visually repetitive or obscure state if every turn uses the same heavy card.","5","5","5","4","Use quiet speaker identity, differentiated narrator rhythm, and contextual choices; keep ordinary turns lightweight.","Do not copy franchise typography, exact panel geometry, portraits, or signature animation.","dialogue;speaker-identity;cinematic-narrative"
"RPG-A-047","13 Sentinels: Aegis Rim","Console","https://www.nintendo.com/us/search/#q=13%20Sentinels","cinematic choice","cinematic narrative","low–medium","progressive conversational disclosure","Keeps the story primary; speaker/choice hierarchy is immediately legible.","Can become visually repetitive or obscure state if every turn uses the same heavy card.","5","5","5","4","Use quiet speaker identity, differentiated narrator rhythm, and contextual choices; keep ordinary turns lightweight.","Do not copy franchise typography, exact panel geometry, portraits, or signature animation.","dialogue;cinematic-choice;cinematic-narrative"
"RPG-A-048","Reverse: 1999","Mobile / PC","https://store.steampowered.com/search/?term=Reverse%201999","minimal story mode","cinematic narrative","low–medium","progressive conversational disclosure","Keeps the story primary; speaker/choice hierarchy is immediately legible.","Can become visually repetitive or obscure state if every turn uses the same heavy card.","5","5","5","4","Use quiet speaker identity, differentiated narrator rhythm, and contextual choices; keep ordinary turns lightweight.","Do not copy franchise typography, exact panel geometry, portraits, or signature animation.","dialogue;minimal-story-mode;cinematic-narrative"
"RPG-A-049","Fate/Grand Order","Mobile / PC","https://www.google.com/search?tbm=isch&q=Fate%20Grand%20Order%20dialogue%20UI","dialogue choice","cinematic narrative","low–medium","progressive conversational disclosure","Keeps the story primary; speaker/choice hierarchy is immediately legible.","Can become visually repetitive or obscure state if every turn uses the same heavy card.","5","5","5","4","Use quiet speaker identity, differentiated narrator rhythm, and contextual choices; keep ordinary turns lightweight.","Do not copy franchise typography, exact panel geometry, portraits, or signature animation.","dialogue;dialogue-choice;cinematic-narrative"
"RPG-A-050","Detroit: Become Human","PC / Console","https://store.steampowered.com/search/?term=Detroit%20Become%20Human","narrator block","cinematic narrative","low–medium","progressive conversational disclosure","Keeps the story primary; speaker/choice hierarchy is immediately legible.","Can become visually repetitive or obscure state if every turn uses the same heavy card.","5","5","5","4","Use quiet speaker identity, differentiated narrator rhythm, and contextual choices; keep ordinary turns lightweight.","Do not copy franchise typography, exact panel geometry, portraits, or signature animation.","dialogue;narrator-block;cinematic-narrative"
"RPG-A-051","AI: The Somnium Files","PC / Console","https://store.steampowered.com/search/?term=AI%20The%20Somnium%20Files","conversation history","cinematic narrative","low–medium","progressive conversational disclosure","Keeps the story primary; speaker/choice hierarchy is immediately legible.","Can become visually repetitive or obscure state if every turn uses the same heavy card.","5","5","5","4","Use quiet speaker identity, differentiated narrator rhythm, and contextual choices; keep ordinary turns lightweight.","Do not copy franchise typography, exact panel geometry, portraits, or signature animation.","dialogue;conversation-history;cinematic-narrative"
"RPG-A-052","VA-11 Hall-A","PC / Console","https://store.steampowered.com/search/?term=VA-11%20Hall-A","speaker identity","cinematic narrative","low–medium","progressive conversational disclosure","Keeps the story primary; speaker/choice hierarchy is immediately legible.","Can become visually repetitive or obscure state if every turn uses the same heavy card.","5","5","5","4","Use quiet speaker identity, differentiated narrator rhythm, and contextual choices; keep ordinary turns lightweight.","Do not copy franchise typography, exact panel geometry, portraits, or signature animation.","dialogue;speaker-identity;cinematic-narrative"
"RPG-A-053","Coffee Talk","PC / Console","https://store.steampowered.com/search/?term=Coffee%20Talk","cinematic choice","cinematic narrative","low–medium","progressive conversational disclosure","Keeps the story primary; speaker/choice hierarchy is immediately legible.","Can become visually repetitive or obscure state if every turn uses the same heavy card.","5","5","5","4","Use quiet speaker identity, differentiated narrator rhythm, and contextual choices; keep ordinary turns lightweight.","Do not copy franchise typography, exact panel geometry, portraits, or signature animation.","dialogue;cinematic-choice;cinematic-narrative"
"RPG-A-054","Oxenfree","PC / Console","https://store.steampowered.com/search/?term=Oxenfree","minimal story mode","cinematic narrative","low–medium","progressive conversational disclosure","Keeps the story primary; speaker/choice hierarchy is immediately legible.","Can become visually repetitive or obscure state if every turn uses the same heavy card.","5","5","5","4","Use quiet speaker identity, differentiated narrator rhythm, and contextual choices; keep ordinary turns lightweight.","Do not copy franchise typography, exact panel geometry, portraits, or signature animation.","dialogue;minimal-story-mode;cinematic-narrative"
"RPG-A-055","Persona 5 Royal","PC / Console","https://megatenwiki.com/wiki/Category:Persona_5_Royal_Screenshots","dialogue choice","cinematic narrative","low–medium","progressive conversational disclosure","Keeps the story primary; speaker/choice hierarchy is immediately legible.","Can become visually repetitive or obscure state if every turn uses the same heavy card.","5","5","5","4","Use quiet speaker identity, differentiated narrator rhythm, and contextual choices; keep ordinary turns lightweight.","Do not copy franchise typography, exact panel geometry, portraits, or signature animation.","dialogue;dialogue-choice;cinematic-narrative"
"RPG-A-056","Persona 3 Reload","PC / Console","https://store.steampowered.com/search/?term=Persona%203%20Reload","narrator block","cinematic narrative","low–medium","progressive conversational disclosure","Keeps the story primary; speaker/choice hierarchy is immediately legible.","Can become visually repetitive or obscure state if every turn uses the same heavy card.","5","5","5","4","Use quiet speaker identity, differentiated narrator rhythm, and contextual choices; keep ordinary turns lightweight.","Do not copy franchise typography, exact panel geometry, portraits, or signature animation.","dialogue;narrator-block;cinematic-narrative"
"RPG-A-057","Baldur's Gate 3","PC / Console","https://www.gamesradar.com/i-let-real-life-dice-rolls-decide-my-baldurs-gate-3-fate-and-now-im-going-back-to-hell/","conversation history","cinematic narrative","low–medium","progressive conversational disclosure","Keeps the story primary; speaker/choice hierarchy is immediately legible.","Can become visually repetitive or obscure state if every turn uses the same heavy card.","5","5","5","4","Use quiet speaker identity, differentiated narrator rhythm, and contextual choices; keep ordinary turns lightweight.","Do not copy franchise typography, exact panel geometry, portraits, or signature animation.","dialogue;conversation-history;cinematic-narrative"
"RPG-A-058","Disco Elysium","PC / Console","https://journals.sagepub.com/doi/10.1177/15554120221115396","speaker identity","cinematic narrative","low–medium","progressive conversational disclosure","Keeps the story primary; speaker/choice hierarchy is immediately legible.","Can become visually repetitive or obscure state if every turn uses the same heavy card.","5","5","5","4","Use quiet speaker identity, differentiated narrator rhythm, and contextual choices; keep ordinary turns lightweight.","Do not copy franchise typography, exact panel geometry, portraits, or signature animation.","dialogue;speaker-identity;cinematic-narrative"
"RPG-A-059","Pentiment","PC / Console","https://www.neoseeker.com/pentiment/walkthrough/Act_I","cinematic choice","cinematic narrative","low–medium","progressive conversational disclosure","Keeps the story primary; speaker/choice hierarchy is immediately legible.","Can become visually repetitive or obscure state if every turn uses the same heavy card.","5","5","5","4","Use quiet speaker identity, differentiated narrator rhythm, and contextual choices; keep ordinary turns lightweight.","Do not copy franchise typography, exact panel geometry, portraits, or signature animation.","dialogue;cinematic-choice;cinematic-narrative"
"RPG-A-060","Citizen Sleeper","PC / Console","https://store.steampowered.com/app/1578650/Citizen_Sleeper/","minimal story mode","cinematic narrative","low–medium","progressive conversational disclosure","Keeps the story primary; speaker/choice hierarchy is immediately legible.","Can become visually repetitive or obscure state if every turn uses the same heavy card.","5","5","5","4","Use quiet speaker identity, differentiated narrator rhythm, and contextual choices; keep ordinary turns lightweight.","Do not copy franchise typography, exact panel geometry, portraits, or signature animation.","dialogue;minimal-story-mode;cinematic-narrative"
"RPG-A-061","Life is Strange","PC / Console","https://store.steampowered.com/search/?term=Life%20is%20Strange","dialogue choice","cinematic narrative","low–medium","progressive conversational disclosure","Keeps the story primary; speaker/choice hierarchy is immediately legible.","Can become visually repetitive or obscure state if every turn uses the same heavy card.","5","5","5","4","Use quiet speaker identity, differentiated narrator rhythm, and contextual choices; keep ordinary turns lightweight.","Do not copy franchise typography, exact panel geometry, portraits, or signature animation.","dialogue;dialogue-choice;cinematic-narrative"
"RPG-A-062","The Walking Dead","PC / Console","https://store.steampowered.com/search/?term=The%20Walking%20Dead%20Telltale","narrator block","cinematic narrative","low–medium","progressive conversational disclosure","Keeps the story primary; speaker/choice hierarchy is immediately legible.","Can become visually repetitive or obscure state if every turn uses the same heavy card.","5","5","5","4","Use quiet speaker identity, differentiated narrator rhythm, and contextual choices; keep ordinary turns lightweight.","Do not copy franchise typography, exact panel geometry, portraits, or signature animation.","dialogue;narrator-block;cinematic-narrative"
"RPG-A-063","Octopath Traveler II","PC / Console","https://store.steampowered.com/search/?term=Octopath%20Traveler%20II","conversation history","cinematic narrative","low–medium","progressive conversational disclosure","Keeps the story primary; speaker/choice hierarchy is immediately legible.","Can become visually repetitive or obscure state if every turn uses the same heavy card.","5","5","5","4","Use quiet speaker identity, differentiated narrator rhythm, and contextual choices; keep ordinary turns lightweight.","Do not copy franchise typography, exact panel geometry, portraits, or signature animation.","dialogue;conversation-history;cinematic-narrative"
"RPG-A-064","Final Fantasy VII Remake","PC / Console","https://store.steampowered.com/search/?term=Final%20Fantasy%20VII%20Remake","speaker identity","cinematic narrative","low–medium","progressive conversational disclosure","Keeps the story primary; speaker/choice hierarchy is immediately legible.","Can become visually repetitive or obscure state if every turn uses the same heavy card.","5","5","5","4","Use quiet speaker identity, differentiated narrator rhythm, and contextual choices; keep ordinary turns lightweight.","Do not copy franchise typography, exact panel geometry, portraits, or signature animation.","dialogue;speaker-identity;cinematic-narrative"
"RPG-A-065","13 Sentinels: Aegis Rim","Console","https://www.nintendo.com/us/search/#q=13%20Sentinels","cinematic choice","cinematic narrative","low–medium","progressive conversational disclosure","Keeps the story primary; speaker/choice hierarchy is immediately legible.","Can become visually repetitive or obscure state if every turn uses the same heavy card.","5","5","5","4","Use quiet speaker identity, differentiated narrator rhythm, and contextual choices; keep ordinary turns lightweight.","Do not copy franchise typography, exact panel geometry, portraits, or signature animation.","dialogue;cinematic-choice;cinematic-narrative"
"RPG-A-066","Reverse: 1999","Mobile / PC","https://store.steampowered.com/search/?term=Reverse%201999","minimal story mode","cinematic narrative","low–medium","progressive conversational disclosure","Keeps the story primary; speaker/choice hierarchy is immediately legible.","Can become visually repetitive or obscure state if every turn uses the same heavy card.","5","5","5","4","Use quiet speaker identity, differentiated narrator rhythm, and contextual choices; keep ordinary turns lightweight.","Do not copy franchise typography, exact panel geometry, portraits, or signature animation.","dialogue;minimal-story-mode;cinematic-narrative"
"RPG-A-067","Fate/Grand Order","Mobile / PC","https://www.google.com/search?tbm=isch&q=Fate%20Grand%20Order%20dialogue%20UI","dialogue choice","cinematic narrative","low–medium","progressive conversational disclosure","Keeps the story primary; speaker/choice hierarchy is immediately legible.","Can become visually repetitive or obscure state if every turn uses the same heavy card.","5","5","5","4","Use quiet speaker identity, differentiated narrator rhythm, and contextual choices; keep ordinary turns lightweight.","Do not copy franchise typography, exact panel geometry, portraits, or signature animation.","dialogue;dialogue-choice;cinematic-narrative"
"RPG-A-068","Detroit: Become Human","PC / Console","https://store.steampowered.com/search/?term=Detroit%20Become%20Human","narrator block","cinematic narrative","low–medium","progressive conversational disclosure","Keeps the story primary; speaker/choice hierarchy is immediately legible.","Can become visually repetitive or obscure state if every turn uses the same heavy card.","5","5","5","4","Use quiet speaker identity, differentiated narrator rhythm, and contextual choices; keep ordinary turns lightweight.","Do not copy franchise typography, exact panel geometry, portraits, or signature animation.","dialogue;narrator-block;cinematic-narrative"
"RPG-A-069","AI: The Somnium Files","PC / Console","https://store.steampowered.com/search/?term=AI%20The%20Somnium%20Files","conversation history","cinematic narrative","low–medium","progressive conversational disclosure","Keeps the story primary; speaker/choice hierarchy is immediately legible.","Can become visually repetitive or obscure state if every turn uses the same heavy card.","5","5","5","4","Use quiet speaker identity, differentiated narrator rhythm, and contextual choices; keep ordinary turns lightweight.","Do not copy franchise typography, exact panel geometry, portraits, or signature animation.","dialogue;conversation-history;cinematic-narrative"
"RPG-A-070","VA-11 Hall-A","PC / Console","https://store.steampowered.com/search/?term=VA-11%20Hall-A","speaker identity","cinematic narrative","low–medium","progressive conversational disclosure","Keeps the story primary; speaker/choice hierarchy is immediately legible.","Can become visually repetitive or obscure state if every turn uses the same heavy card.","5","5","5","4","Use quiet speaker identity, differentiated narrator rhythm, and contextual choices; keep ordinary turns lightweight.","Do not copy franchise typography, exact panel geometry, portraits, or signature animation.","dialogue;speaker-identity;cinematic-narrative"
"RPG-A-071","Coffee Talk","PC / Console","https://store.steampowered.com/search/?term=Coffee%20Talk","cinematic choice","cinematic narrative","low–medium","progressive conversational disclosure","Keeps the story primary; speaker/choice hierarchy is immediately legible.","Can become visually repetitive or obscure state if every turn uses the same heavy card.","5","5","5","4","Use quiet speaker identity, differentiated narrator rhythm, and contextual choices; keep ordinary turns lightweight.","Do not copy franchise typography, exact panel geometry, portraits, or signature animation.","dialogue;cinematic-choice;cinematic-narrative"
"RPG-A-072","Oxenfree","PC / Console","https://store.steampowered.com/search/?term=Oxenfree","minimal story mode","cinematic narrative","low–medium","progressive conversational disclosure","Keeps the story primary; speaker/choice hierarchy is immediately legible.","Can become visually repetitive or obscure state if every turn uses the same heavy card.","5","5","5","4","Use quiet speaker identity, differentiated narrator rhythm, and contextual choices; keep ordinary turns lightweight.","Do not copy franchise typography, exact panel geometry, portraits, or signature animation.","dialogue;minimal-story-mode;cinematic-narrative"
"RPG-A-073","Persona 5 Royal","PC / Console","https://megatenwiki.com/wiki/Category:Persona_5_Royal_Screenshots","character overview","portrait-led hierarchy","medium","overview → focus → details","Strong identity hierarchy without requiring spreadsheet-like presentation.","Portrait-heavy layouts can consume mobile space; dense stats can overpower personality.","4","4","5","3","Use progressive disclosure: name/role first, quick card on tap, full sheet only on explicit detail view.","Do not recreate proprietary stat layouts or permanent full-body art framing.","character;character-overview;portrait-led-hierarchy"
"RPG-A-074","Fire Emblem: Three Houses","Console","https://samurai-gamers.com/fire-emblem-three-houses/menu-guide/","party strip","portrait-led hierarchy","medium","overview → focus → details","Strong identity hierarchy without requiring spreadsheet-like presentation.","Portrait-heavy layouts can consume mobile space; dense stats can overpower personality.","4","4","5","3","Use progressive disclosure: name/role first, quick card on tap, full sheet only on explicit detail view.","Do not recreate proprietary stat layouts or permanent full-body art framing.","character;party-strip;portrait-led-hierarchy"
"RPG-A-075","Baldur's Gate 3","PC / Console","https://www.gamesradar.com/i-let-real-life-dice-rolls-decide-my-baldurs-gate-3-fate-and-now-im-going-back-to-hell/","relationship summary","portrait-led hierarchy","medium","overview → focus → details","Strong identity hierarchy without requiring spreadsheet-like presentation.","Portrait-heavy layouts can consume mobile space; dense stats can overpower personality.","4","4","5","3","Use progressive disclosure: name/role first, quick card on tap, full sheet only on explicit detail view.","Do not recreate proprietary stat layouts or permanent full-body art framing.","character;relationship-summary;portrait-led-hierarchy"
"RPG-A-076","Genshin Impact","Mobile / PC","https://medium.com/%40SaintKate/genshin-impact-hows-it-going-e7368b209db1","quick profile","portrait-led hierarchy","medium","overview → focus → details","Strong identity hierarchy without requiring spreadsheet-like presentation.","Portrait-heavy layouts can consume mobile space; dense stats can overpower personality.","4","4","5","3","Use progressive disclosure: name/role first, quick card on tap, full sheet only on explicit detail view.","Do not recreate proprietary stat layouts or permanent full-body art framing.","character;quick-profile;portrait-led-hierarchy"
"RPG-A-077","Honkai: Star Rail","Mobile / PC","https://store.steampowered.com/search/?term=Honkai%20Star%20Rail","full character sheet","portrait-led hierarchy","medium","overview → focus → details","Strong identity hierarchy without requiring spreadsheet-like presentation.","Portrait-heavy layouts can consume mobile space; dense stats can overpower personality.","4","4","5","3","Use progressive disclosure: name/role first, quick card on tap, full sheet only on explicit detail view.","Do not recreate proprietary stat layouts or permanent full-body art framing.","character;full-character-sheet;portrait-led-hierarchy"
"RPG-A-078","Final Fantasy VII Remake","PC / Console","https://store.steampowered.com/search/?term=Final%20Fantasy%20VII%20Remake","status identity","portrait-led hierarchy","medium","overview → focus → details","Strong identity hierarchy without requiring spreadsheet-like presentation.","Portrait-heavy layouts can consume mobile space; dense stats can overpower personality.","4","4","5","3","Use progressive disclosure: name/role first, quick card on tap, full sheet only on explicit detail view.","Do not recreate proprietary stat layouts or permanent full-body art framing.","character;status-identity;portrait-led-hierarchy"
"RPG-A-079","Final Fantasy XIV","PC / Console","https://store.steampowered.com/search/?term=Final%20Fantasy%20XIV","character overview","portrait-led hierarchy","medium","overview → focus → details","Strong identity hierarchy without requiring spreadsheet-like presentation.","Portrait-heavy layouts can consume mobile space; dense stats can overpower personality.","4","4","5","3","Use progressive disclosure: name/role first, quick card on tap, full sheet only on explicit detail view.","Do not recreate proprietary stat layouts or permanent full-body art framing.","character;character-overview;portrait-led-hierarchy"
"RPG-A-080","Xenoblade Chronicles 3","Console","https://www.nintendo.com/us/search/#q=Xenoblade%20Chronicles%203","party strip","portrait-led hierarchy","medium","overview → focus → details","Strong identity hierarchy without requiring spreadsheet-like presentation.","Portrait-heavy layouts can consume mobile space; dense stats can overpower personality.","4","4","5","3","Use progressive disclosure: name/role first, quick card on tap, full sheet only on explicit detail view.","Do not recreate proprietary stat layouts or permanent full-body art framing.","character;party-strip;portrait-led-hierarchy"
"RPG-A-081","Triangle Strategy","PC / Console","https://store.steampowered.com/search/?term=Triangle%20Strategy","relationship summary","portrait-led hierarchy","medium","overview → focus → details","Strong identity hierarchy without requiring spreadsheet-like presentation.","Portrait-heavy layouts can consume mobile space; dense stats can overpower personality.","4","4","5","3","Use progressive disclosure: name/role first, quick card on tap, full sheet only on explicit detail view.","Do not recreate proprietary stat layouts or permanent full-body art framing.","character;relationship-summary;portrait-led-hierarchy"
"RPG-A-082","Pathfinder: Wrath of the Righteous","PC / Console","https://store.steampowered.com/search/?term=Pathfinder%20Wrath%20of%20the%20Righteous","quick profile","portrait-led hierarchy","medium","overview → focus → details","Strong identity hierarchy without requiring spreadsheet-like presentation.","Portrait-heavy layouts can consume mobile space; dense stats can overpower personality.","4","4","5","3","Use progressive disclosure: name/role first, quick card on tap, full sheet only on explicit detail view.","Do not recreate proprietary stat layouts or permanent full-body art framing.","character;quick-profile;portrait-led-hierarchy"
"RPG-A-083","Pillars of Eternity II","PC / Console","https://store.steampowered.com/search/?term=Pillars%20of%20Eternity%20II","full character sheet","portrait-led hierarchy","medium","overview → focus → details","Strong identity hierarchy without requiring spreadsheet-like presentation.","Portrait-heavy layouts can consume mobile space; dense stats can overpower personality.","4","4","5","3","Use progressive disclosure: name/role first, quick card on tap, full sheet only on explicit detail view.","Do not recreate proprietary stat layouts or permanent full-body art framing.","character;full-character-sheet;portrait-led-hierarchy"
"RPG-A-084","Divinity: Original Sin 2","PC / Console","https://store.steampowered.com/search/?term=Divinity%20Original%20Sin%202","status identity","portrait-led hierarchy","medium","overview → focus → details","Strong identity hierarchy without requiring spreadsheet-like presentation.","Portrait-heavy layouts can consume mobile space; dense stats can overpower personality.","4","4","5","3","Use progressive disclosure: name/role first, quick card on tap, full sheet only on explicit detail view.","Do not recreate proprietary stat layouts or permanent full-body art framing.","character;status-identity;portrait-led-hierarchy"
"RPG-A-085","Dragon Age: Inquisition","PC / Console","https://stopgame.ru/blogs/topic/60516/dragon_age_inkviziciya_koncovka_obyasnenie","character overview","portrait-led hierarchy","medium","overview → focus → details","Strong identity hierarchy without requiring spreadsheet-like presentation.","Portrait-heavy layouts can consume mobile space; dense stats can overpower personality.","4","4","5","3","Use progressive disclosure: name/role first, quick card on tap, full sheet only on explicit detail view.","Do not recreate proprietary stat layouts or permanent full-body art framing.","character;character-overview;portrait-led-hierarchy"
"RPG-A-086","Mass Effect","PC / Console","https://www.gamereactor.es/mass-effect-datapad-ya-en-ios/","party strip","portrait-led hierarchy","medium","overview → focus → details","Strong identity hierarchy without requiring spreadsheet-like presentation.","Portrait-heavy layouts can consume mobile space; dense stats can overpower personality.","4","4","5","3","Use progressive disclosure: name/role first, quick card on tap, full sheet only on explicit detail view.","Do not recreate proprietary stat layouts or permanent full-body art framing.","character;party-strip;portrait-led-hierarchy"
"RPG-A-087","Cyberpunk 2077","PC / Console","https://store.steampowered.com/search/?term=Cyberpunk%202077","relationship summary","portrait-led hierarchy","medium","overview → focus → details","Strong identity hierarchy without requiring spreadsheet-like presentation.","Portrait-heavy layouts can consume mobile space; dense stats can overpower personality.","4","4","5","3","Use progressive disclosure: name/role first, quick card on tap, full sheet only on explicit detail view.","Do not recreate proprietary stat layouts or permanent full-body art framing.","character;relationship-summary;portrait-led-hierarchy"
"RPG-A-088","Dragon's Dogma 2","PC / Console","https://store.steampowered.com/search/?term=Dragons%20Dogma%202","quick profile","portrait-led hierarchy","medium","overview → focus → details","Strong identity hierarchy without requiring spreadsheet-like presentation.","Portrait-heavy layouts can consume mobile space; dense stats can overpower personality.","4","4","5","3","Use progressive disclosure: name/role first, quick card on tap, full sheet only on explicit detail view.","Do not recreate proprietary stat layouts or permanent full-body art framing.","character;quick-profile;portrait-led-hierarchy"
"RPG-A-089","Persona 5 Royal","PC / Console","https://megatenwiki.com/wiki/Category:Persona_5_Royal_Screenshots","full character sheet","portrait-led hierarchy","medium","overview → focus → details","Strong identity hierarchy without requiring spreadsheet-like presentation.","Portrait-heavy layouts can consume mobile space; dense stats can overpower personality.","4","4","5","3","Use progressive disclosure: name/role first, quick card on tap, full sheet only on explicit detail view.","Do not recreate proprietary stat layouts or permanent full-body art framing.","character;full-character-sheet;portrait-led-hierarchy"
"RPG-A-090","Fire Emblem: Three Houses","Console","https://samurai-gamers.com/fire-emblem-three-houses/menu-guide/","status identity","portrait-led hierarchy","medium","overview → focus → details","Strong identity hierarchy without requiring spreadsheet-like presentation.","Portrait-heavy layouts can consume mobile space; dense stats can overpower personality.","4","4","5","3","Use progressive disclosure: name/role first, quick card on tap, full sheet only on explicit detail view.","Do not recreate proprietary stat layouts or permanent full-body art framing.","character;status-identity;portrait-led-hierarchy"
"RPG-A-091","Baldur's Gate 3","PC / Console","https://www.gamesradar.com/i-let-real-life-dice-rolls-decide-my-baldurs-gate-3-fate-and-now-im-going-back-to-hell/","character overview","portrait-led hierarchy","medium","overview → focus → details","Strong identity hierarchy without requiring spreadsheet-like presentation.","Portrait-heavy layouts can consume mobile space; dense stats can overpower personality.","4","4","5","3","Use progressive disclosure: name/role first, quick card on tap, full sheet only on explicit detail view.","Do not recreate proprietary stat layouts or permanent full-body art framing.","character;character-overview;portrait-led-hierarchy"
"RPG-A-092","Genshin Impact","Mobile / PC","https://medium.com/%40SaintKate/genshin-impact-hows-it-going-e7368b209db1","party strip","portrait-led hierarchy","medium","overview → focus → details","Strong identity hierarchy without requiring spreadsheet-like presentation.","Portrait-heavy layouts can consume mobile space; dense stats can overpower personality.","4","4","5","3","Use progressive disclosure: name/role first, quick card on tap, full sheet only on explicit detail view.","Do not recreate proprietary stat layouts or permanent full-body art framing.","character;party-strip;portrait-led-hierarchy"
"RPG-A-093","Honkai: Star Rail","Mobile / PC","https://store.steampowered.com/search/?term=Honkai%20Star%20Rail","relationship summary","portrait-led hierarchy","medium","overview → focus → details","Strong identity hierarchy without requiring spreadsheet-like presentation.","Portrait-heavy layouts can consume mobile space; dense stats can overpower personality.","4","4","5","3","Use progressive disclosure: name/role first, quick card on tap, full sheet only on explicit detail view.","Do not recreate proprietary stat layouts or permanent full-body art framing.","character;relationship-summary;portrait-led-hierarchy"
"RPG-A-094","Final Fantasy VII Remake","PC / Console","https://store.steampowered.com/search/?term=Final%20Fantasy%20VII%20Remake","quick profile","portrait-led hierarchy","medium","overview → focus → details","Strong identity hierarchy without requiring spreadsheet-like presentation.","Portrait-heavy layouts can consume mobile space; dense stats can overpower personality.","4","4","5","3","Use progressive disclosure: name/role first, quick card on tap, full sheet only on explicit detail view.","Do not recreate proprietary stat layouts or permanent full-body art framing.","character;quick-profile;portrait-led-hierarchy"
"RPG-A-095","Final Fantasy XIV","PC / Console","https://store.steampowered.com/search/?term=Final%20Fantasy%20XIV","full character sheet","portrait-led hierarchy","medium","overview → focus → details","Strong identity hierarchy without requiring spreadsheet-like presentation.","Portrait-heavy layouts can consume mobile space; dense stats can overpower personality.","4","4","5","3","Use progressive disclosure: name/role first, quick card on tap, full sheet only on explicit detail view.","Do not recreate proprietary stat layouts or permanent full-body art framing.","character;full-character-sheet;portrait-led-hierarchy"
"RPG-A-096","Xenoblade Chronicles 3","Console","https://www.nintendo.com/us/search/#q=Xenoblade%20Chronicles%203","status identity","portrait-led hierarchy","medium","overview → focus → details","Strong identity hierarchy without requiring spreadsheet-like presentation.","Portrait-heavy layouts can consume mobile space; dense stats can overpower personality.","4","4","5","3","Use progressive disclosure: name/role first, quick card on tap, full sheet only on explicit detail view.","Do not recreate proprietary stat layouts or permanent full-body art framing.","character;status-identity;portrait-led-hierarchy"
"RPG-A-097","Triangle Strategy","PC / Console","https://store.steampowered.com/search/?term=Triangle%20Strategy","character overview","portrait-led hierarchy","medium","overview → focus → details","Strong identity hierarchy without requiring spreadsheet-like presentation.","Portrait-heavy layouts can consume mobile space; dense stats can overpower personality.","4","4","5","3","Use progressive disclosure: name/role first, quick card on tap, full sheet only on explicit detail view.","Do not recreate proprietary stat layouts or permanent full-body art framing.","character;character-overview;portrait-led-hierarchy"
"RPG-A-098","Pathfinder: Wrath of the Righteous","PC / Console","https://store.steampowered.com/search/?term=Pathfinder%20Wrath%20of%20the%20Righteous","party strip","portrait-led hierarchy","medium","overview → focus → details","Strong identity hierarchy without requiring spreadsheet-like presentation.","Portrait-heavy layouts can consume mobile space; dense stats can overpower personality.","4","4","5","3","Use progressive disclosure: name/role first, quick card on tap, full sheet only on explicit detail view.","Do not recreate proprietary stat layouts or permanent full-body art framing.","character;party-strip;portrait-led-hierarchy"
"RPG-A-099","Pillars of Eternity II","PC / Console","https://store.steampowered.com/search/?term=Pillars%20of%20Eternity%20II","relationship summary","portrait-led hierarchy","medium","overview → focus → details","Strong identity hierarchy without requiring spreadsheet-like presentation.","Portrait-heavy layouts can consume mobile space; dense stats can overpower personality.","4","4","5","3","Use progressive disclosure: name/role first, quick card on tap, full sheet only on explicit detail view.","Do not recreate proprietary stat layouts or permanent full-body art framing.","character;relationship-summary;portrait-led-hierarchy"
"RPG-A-100","Divinity: Original Sin 2","PC / Console","https://store.steampowered.com/search/?term=Divinity%20Original%20Sin%202","quick profile","portrait-led hierarchy","medium","overview → focus → details","Strong identity hierarchy without requiring spreadsheet-like presentation.","Portrait-heavy layouts can consume mobile space; dense stats can overpower personality.","4","4","5","3","Use progressive disclosure: name/role first, quick card on tap, full sheet only on explicit detail view.","Do not recreate proprietary stat layouts or permanent full-body art framing.","character;quick-profile;portrait-led-hierarchy"
"RPG-A-101","Dragon Age: Inquisition","PC / Console","https://stopgame.ru/blogs/topic/60516/dragon_age_inkviziciya_koncovka_obyasnenie","full character sheet","portrait-led hierarchy","medium","overview → focus → details","Strong identity hierarchy without requiring spreadsheet-like presentation.","Portrait-heavy layouts can consume mobile space; dense stats can overpower personality.","4","4","5","3","Use progressive disclosure: name/role first, quick card on tap, full sheet only on explicit detail view.","Do not recreate proprietary stat layouts or permanent full-body art framing.","character;full-character-sheet;portrait-led-hierarchy"
"RPG-A-102","Mass Effect","PC / Console","https://www.gamereactor.es/mass-effect-datapad-ya-en-ios/","status identity","portrait-led hierarchy","medium","overview → focus → details","Strong identity hierarchy without requiring spreadsheet-like presentation.","Portrait-heavy layouts can consume mobile space; dense stats can overpower personality.","4","4","5","3","Use progressive disclosure: name/role first, quick card on tap, full sheet only on explicit detail view.","Do not recreate proprietary stat layouts or permanent full-body art framing.","character;status-identity;portrait-led-hierarchy"
"RPG-A-103","Cyberpunk 2077","PC / Console","https://store.steampowered.com/search/?term=Cyberpunk%202077","character overview","portrait-led hierarchy","medium","overview → focus → details","Strong identity hierarchy without requiring spreadsheet-like presentation.","Portrait-heavy layouts can consume mobile space; dense stats can overpower personality.","4","4","5","3","Use progressive disclosure: name/role first, quick card on tap, full sheet only on explicit detail view.","Do not recreate proprietary stat layouts or permanent full-body art framing.","character;character-overview;portrait-led-hierarchy"
"RPG-A-104","Dragon's Dogma 2","PC / Console","https://store.steampowered.com/search/?term=Dragons%20Dogma%202","party strip","portrait-led hierarchy","medium","overview → focus → details","Strong identity hierarchy without requiring spreadsheet-like presentation.","Portrait-heavy layouts can consume mobile space; dense stats can overpower personality.","4","4","5","3","Use progressive disclosure: name/role first, quick card on tap, full sheet only on explicit detail view.","Do not recreate proprietary stat layouts or permanent full-body art framing.","character;party-strip;portrait-led-hierarchy"
"RPG-A-105","Persona 5 Royal","PC / Console","https://megatenwiki.com/wiki/Category:Persona_5_Royal_Screenshots","relationship summary","portrait-led hierarchy","medium","overview → focus → details","Strong identity hierarchy without requiring spreadsheet-like presentation.","Portrait-heavy layouts can consume mobile space; dense stats can overpower personality.","4","4","5","3","Use progressive disclosure: name/role first, quick card on tap, full sheet only on explicit detail view.","Do not recreate proprietary stat layouts or permanent full-body art framing.","character;relationship-summary;portrait-led-hierarchy"
"RPG-A-106","Fire Emblem: Three Houses","Console","https://samurai-gamers.com/fire-emblem-three-houses/menu-guide/","quick profile","portrait-led hierarchy","medium","overview → focus → details","Strong identity hierarchy without requiring spreadsheet-like presentation.","Portrait-heavy layouts can consume mobile space; dense stats can overpower personality.","4","4","5","3","Use progressive disclosure: name/role first, quick card on tap, full sheet only on explicit detail view.","Do not recreate proprietary stat layouts or permanent full-body art framing.","character;quick-profile;portrait-led-hierarchy"
"RPG-A-107","Baldur's Gate 3","PC / Console","https://www.gamesradar.com/i-let-real-life-dice-rolls-decide-my-baldurs-gate-3-fate-and-now-im-going-back-to-hell/","full character sheet","portrait-led hierarchy","medium","overview → focus → details","Strong identity hierarchy without requiring spreadsheet-like presentation.","Portrait-heavy layouts can consume mobile space; dense stats can overpower personality.","4","4","5","3","Use progressive disclosure: name/role first, quick card on tap, full sheet only on explicit detail view.","Do not recreate proprietary stat layouts or permanent full-body art framing.","character;full-character-sheet;portrait-led-hierarchy"
"RPG-A-108","Genshin Impact","Mobile / PC","https://medium.com/%40SaintKate/genshin-impact-hows-it-going-e7368b209db1","status identity","portrait-led hierarchy","medium","overview → focus → details","Strong identity hierarchy without requiring spreadsheet-like presentation.","Portrait-heavy layouts can consume mobile space; dense stats can overpower personality.","4","4","5","3","Use progressive disclosure: name/role first, quick card on tap, full sheet only on explicit detail view.","Do not recreate proprietary stat layouts or permanent full-body art framing.","character;status-identity;portrait-led-hierarchy"
"RPG-A-109","Honkai: Star Rail","Mobile / PC","https://store.steampowered.com/search/?term=Honkai%20Star%20Rail","character overview","portrait-led hierarchy","medium","overview → focus → details","Strong identity hierarchy without requiring spreadsheet-like presentation.","Portrait-heavy layouts can consume mobile space; dense stats can overpower personality.","4","4","5","3","Use progressive disclosure: name/role first, quick card on tap, full sheet only on explicit detail view.","Do not recreate proprietary stat layouts or permanent full-body art framing.","character;character-overview;portrait-led-hierarchy"
"RPG-A-110","Final Fantasy VII Remake","PC / Console","https://store.steampowered.com/search/?term=Final%20Fantasy%20VII%20Remake","party strip","portrait-led hierarchy","medium","overview → focus → details","Strong identity hierarchy without requiring spreadsheet-like presentation.","Portrait-heavy layouts can consume mobile space; dense stats can overpower personality.","4","4","5","3","Use progressive disclosure: name/role first, quick card on tap, full sheet only on explicit detail view.","Do not recreate proprietary stat layouts or permanent full-body art framing.","character;party-strip;portrait-led-hierarchy"
"RPG-A-111","Final Fantasy XIV","PC / Console","https://store.steampowered.com/search/?term=Final%20Fantasy%20XIV","relationship summary","portrait-led hierarchy","medium","overview → focus → details","Strong identity hierarchy without requiring spreadsheet-like presentation.","Portrait-heavy layouts can consume mobile space; dense stats can overpower personality.","4","4","5","3","Use progressive disclosure: name/role first, quick card on tap, full sheet only on explicit detail view.","Do not recreate proprietary stat layouts or permanent full-body art framing.","character;relationship-summary;portrait-led-hierarchy"
"RPG-A-112","Xenoblade Chronicles 3","Console","https://www.nintendo.com/us/search/#q=Xenoblade%20Chronicles%203","quick profile","portrait-led hierarchy","medium","overview → focus → details","Strong identity hierarchy without requiring spreadsheet-like presentation.","Portrait-heavy layouts can consume mobile space; dense stats can overpower personality.","4","4","5","3","Use progressive disclosure: name/role first, quick card on tap, full sheet only on explicit detail view.","Do not recreate proprietary stat layouts or permanent full-body art framing.","character;quick-profile;portrait-led-hierarchy"
"RPG-A-113","Triangle Strategy","PC / Console","https://store.steampowered.com/search/?term=Triangle%20Strategy","full character sheet","portrait-led hierarchy","medium","overview → focus → details","Strong identity hierarchy without requiring spreadsheet-like presentation.","Portrait-heavy layouts can consume mobile space; dense stats can overpower personality.","4","4","5","3","Use progressive disclosure: name/role first, quick card on tap, full sheet only on explicit detail view.","Do not recreate proprietary stat layouts or permanent full-body art framing.","character;full-character-sheet;portrait-led-hierarchy"
"RPG-A-114","Pathfinder: Wrath of the Righteous","PC / Console","https://store.steampowered.com/search/?term=Pathfinder%20Wrath%20of%20the%20Righteous","status identity","portrait-led hierarchy","medium","overview → focus → details","Strong identity hierarchy without requiring spreadsheet-like presentation.","Portrait-heavy layouts can consume mobile space; dense stats can overpower personality.","4","4","5","3","Use progressive disclosure: name/role first, quick card on tap, full sheet only on explicit detail view.","Do not recreate proprietary stat layouts or permanent full-body art framing.","character;status-identity;portrait-led-hierarchy"
"RPG-A-115","Pillars of Eternity II","PC / Console","https://store.steampowered.com/search/?term=Pillars%20of%20Eternity%20II","character overview","portrait-led hierarchy","medium","overview → focus → details","Strong identity hierarchy without requiring spreadsheet-like presentation.","Portrait-heavy layouts can consume mobile space; dense stats can overpower personality.","4","4","5","3","Use progressive disclosure: name/role first, quick card on tap, full sheet only on explicit detail view.","Do not recreate proprietary stat layouts or permanent full-body art framing.","character;character-overview;portrait-led-hierarchy"
"RPG-A-116","Divinity: Original Sin 2","PC / Console","https://store.steampowered.com/search/?term=Divinity%20Original%20Sin%202","party strip","portrait-led hierarchy","medium","overview → focus → details","Strong identity hierarchy without requiring spreadsheet-like presentation.","Portrait-heavy layouts can consume mobile space; dense stats can overpower personality.","4","4","5","3","Use progressive disclosure: name/role first, quick card on tap, full sheet only on explicit detail view.","Do not recreate proprietary stat layouts or permanent full-body art framing.","character;party-strip;portrait-led-hierarchy"
"RPG-A-117","Dragon Age: Inquisition","PC / Console","https://stopgame.ru/blogs/topic/60516/dragon_age_inkviziciya_koncovka_obyasnenie","relationship summary","portrait-led hierarchy","medium","overview → focus → details","Strong identity hierarchy without requiring spreadsheet-like presentation.","Portrait-heavy layouts can consume mobile space; dense stats can overpower personality.","4","4","5","3","Use progressive disclosure: name/role first, quick card on tap, full sheet only on explicit detail view.","Do not recreate proprietary stat layouts or permanent full-body art framing.","character;relationship-summary;portrait-led-hierarchy"
"RPG-A-118","Mass Effect","PC / Console","https://www.gamereactor.es/mass-effect-datapad-ya-en-ios/","quick profile","portrait-led hierarchy","medium","overview → focus → details","Strong identity hierarchy without requiring spreadsheet-like presentation.","Portrait-heavy layouts can consume mobile space; dense stats can overpower personality.","4","4","5","3","Use progressive disclosure: name/role first, quick card on tap, full sheet only on explicit detail view.","Do not recreate proprietary stat layouts or permanent full-body art framing.","character;quick-profile;portrait-led-hierarchy"
"RPG-A-119","Cyberpunk 2077","PC / Console","https://store.steampowered.com/search/?term=Cyberpunk%202077","full character sheet","portrait-led hierarchy","medium","overview → focus → details","Strong identity hierarchy without requiring spreadsheet-like presentation.","Portrait-heavy layouts can consume mobile space; dense stats can overpower personality.","4","4","5","3","Use progressive disclosure: name/role first, quick card on tap, full sheet only on explicit detail view.","Do not recreate proprietary stat layouts or permanent full-body art framing.","character;full-character-sheet;portrait-led-hierarchy"
"RPG-A-120","Dragon's Dogma 2","PC / Console","https://store.steampowered.com/search/?term=Dragons%20Dogma%202","status identity","portrait-led hierarchy","medium","overview → focus → details","Strong identity hierarchy without requiring spreadsheet-like presentation.","Portrait-heavy layouts can consume mobile space; dense stats can overpower personality.","4","4","5","3","Use progressive disclosure: name/role first, quick card on tap, full sheet only on explicit detail view.","Do not recreate proprietary stat layouts or permanent full-body art framing.","character;status-identity;portrait-led-hierarchy"
"RPG-A-121","Persona 5 Royal","PC / Console","https://megatenwiki.com/wiki/Category:Persona_5_Royal_Screenshots","character overview","portrait-led hierarchy","medium","overview → focus → details","Strong identity hierarchy without requiring spreadsheet-like presentation.","Portrait-heavy layouts can consume mobile space; dense stats can overpower personality.","4","4","5","3","Use progressive disclosure: name/role first, quick card on tap, full sheet only on explicit detail view.","Do not recreate proprietary stat layouts or permanent full-body art framing.","character;character-overview;portrait-led-hierarchy"
"RPG-A-122","Fire Emblem: Three Houses","Console","https://samurai-gamers.com/fire-emblem-three-houses/menu-guide/","party strip","portrait-led hierarchy","medium","overview → focus → details","Strong identity hierarchy without requiring spreadsheet-like presentation.","Portrait-heavy layouts can consume mobile space; dense stats can overpower personality.","4","4","5","3","Use progressive disclosure: name/role first, quick card on tap, full sheet only on explicit detail view.","Do not recreate proprietary stat layouts or permanent full-body art framing.","character;party-strip;portrait-led-hierarchy"
"RPG-A-123","Baldur's Gate 3","PC / Console","https://www.gamesradar.com/i-let-real-life-dice-rolls-decide-my-baldurs-gate-3-fate-and-now-im-going-back-to-hell/","relationship summary","portrait-led hierarchy","medium","overview → focus → details","Strong identity hierarchy without requiring spreadsheet-like presentation.","Portrait-heavy layouts can consume mobile space; dense stats can overpower personality.","4","4","5","3","Use progressive disclosure: name/role first, quick card on tap, full sheet only on explicit detail view.","Do not recreate proprietary stat layouts or permanent full-body art framing.","character;relationship-summary;portrait-led-hierarchy"
"RPG-A-124","Genshin Impact","Mobile / PC","https://medium.com/%40SaintKate/genshin-impact-hows-it-going-e7368b209db1","quick profile","portrait-led hierarchy","medium","overview → focus → details","Strong identity hierarchy without requiring spreadsheet-like presentation.","Portrait-heavy layouts can consume mobile space; dense stats can overpower personality.","4","4","5","3","Use progressive disclosure: name/role first, quick card on tap, full sheet only on explicit detail view.","Do not recreate proprietary stat layouts or permanent full-body art framing.","character;quick-profile;portrait-led-hierarchy"
"RPG-A-125","Honkai: Star Rail","Mobile / PC","https://store.steampowered.com/search/?term=Honkai%20Star%20Rail","full character sheet","portrait-led hierarchy","medium","overview → focus → details","Strong identity hierarchy without requiring spreadsheet-like presentation.","Portrait-heavy layouts can consume mobile space; dense stats can overpower personality.","4","4","5","3","Use progressive disclosure: name/role first, quick card on tap, full sheet only on explicit detail view.","Do not recreate proprietary stat layouts or permanent full-body art framing.","character;full-character-sheet;portrait-led-hierarchy"
"RPG-A-126","Final Fantasy VII Remake","PC / Console","https://store.steampowered.com/search/?term=Final%20Fantasy%20VII%20Remake","status identity","portrait-led hierarchy","medium","overview → focus → details","Strong identity hierarchy without requiring spreadsheet-like presentation.","Portrait-heavy layouts can consume mobile space; dense stats can overpower personality.","4","4","5","3","Use progressive disclosure: name/role first, quick card on tap, full sheet only on explicit detail view.","Do not recreate proprietary stat layouts or permanent full-body art framing.","character;status-identity;portrait-led-hierarchy"
"RPG-A-127","Final Fantasy XIV","PC / Console","https://store.steampowered.com/search/?term=Final%20Fantasy%20XIV","character overview","portrait-led hierarchy","medium","overview → focus → details","Strong identity hierarchy without requiring spreadsheet-like presentation.","Portrait-heavy layouts can consume mobile space; dense stats can overpower personality.","4","4","5","3","Use progressive disclosure: name/role first, quick card on tap, full sheet only on explicit detail view.","Do not recreate proprietary stat layouts or permanent full-body art framing.","character;character-overview;portrait-led-hierarchy"
"RPG-A-128","Xenoblade Chronicles 3","Console","https://www.nintendo.com/us/search/#q=Xenoblade%20Chronicles%203","party strip","portrait-led hierarchy","medium","overview → focus → details","Strong identity hierarchy without requiring spreadsheet-like presentation.","Portrait-heavy layouts can consume mobile space; dense stats can overpower personality.","4","4","5","3","Use progressive disclosure: name/role first, quick card on tap, full sheet only on explicit detail view.","Do not recreate proprietary stat layouts or permanent full-body art framing.","character;party-strip;portrait-led-hierarchy"
"RPG-A-129","Triangle Strategy","PC / Console","https://store.steampowered.com/search/?term=Triangle%20Strategy","relationship summary","portrait-led hierarchy","medium","overview → focus → details","Strong identity hierarchy without requiring spreadsheet-like presentation.","Portrait-heavy layouts can consume mobile space; dense stats can overpower personality.","4","4","5","3","Use progressive disclosure: name/role first, quick card on tap, full sheet only on explicit detail view.","Do not recreate proprietary stat layouts or permanent full-body art framing.","character;relationship-summary;portrait-led-hierarchy"
"RPG-A-130","Pathfinder: Wrath of the Righteous","PC / Console","https://store.steampowered.com/search/?term=Pathfinder%20Wrath%20of%20the%20Righteous","quick profile","portrait-led hierarchy","medium","overview → focus → details","Strong identity hierarchy without requiring spreadsheet-like presentation.","Portrait-heavy layouts can consume mobile space; dense stats can overpower personality.","4","4","5","3","Use progressive disclosure: name/role first, quick card on tap, full sheet only on explicit detail view.","Do not recreate proprietary stat layouts or permanent full-body art framing.","character;quick-profile;portrait-led-hierarchy"
"RPG-A-131","Pillars of Eternity II","PC / Console","https://store.steampowered.com/search/?term=Pillars%20of%20Eternity%20II","full character sheet","portrait-led hierarchy","medium","overview → focus → details","Strong identity hierarchy without requiring spreadsheet-like presentation.","Portrait-heavy layouts can consume mobile space; dense stats can overpower personality.","4","4","5","3","Use progressive disclosure: name/role first, quick card on tap, full sheet only on explicit detail view.","Do not recreate proprietary stat layouts or permanent full-body art framing.","character;full-character-sheet;portrait-led-hierarchy"
"RPG-A-132","Divinity: Original Sin 2","PC / Console","https://store.steampowered.com/search/?term=Divinity%20Original%20Sin%202","status identity","portrait-led hierarchy","medium","overview → focus → details","Strong identity hierarchy without requiring spreadsheet-like presentation.","Portrait-heavy layouts can consume mobile space; dense stats can overpower personality.","4","4","5","3","Use progressive disclosure: name/role first, quick card on tap, full sheet only on explicit detail view.","Do not recreate proprietary stat layouts or permanent full-body art framing.","character;status-identity;portrait-led-hierarchy"
"RPG-A-133","Dragon Age: Inquisition","PC / Console","https://stopgame.ru/blogs/topic/60516/dragon_age_inkviziciya_koncovka_obyasnenie","character overview","portrait-led hierarchy","medium","overview → focus → details","Strong identity hierarchy without requiring spreadsheet-like presentation.","Portrait-heavy layouts can consume mobile space; dense stats can overpower personality.","4","4","5","3","Use progressive disclosure: name/role first, quick card on tap, full sheet only on explicit detail view.","Do not recreate proprietary stat layouts or permanent full-body art framing.","character;character-overview;portrait-led-hierarchy"
"RPG-A-134","Mass Effect","PC / Console","https://www.gamereactor.es/mass-effect-datapad-ya-en-ios/","party strip","portrait-led hierarchy","medium","overview → focus → details","Strong identity hierarchy without requiring spreadsheet-like presentation.","Portrait-heavy layouts can consume mobile space; dense stats can overpower personality.","4","4","5","3","Use progressive disclosure: name/role first, quick card on tap, full sheet only on explicit detail view.","Do not recreate proprietary stat layouts or permanent full-body art framing.","character;party-strip;portrait-led-hierarchy"
"RPG-A-135","Cyberpunk 2077","PC / Console","https://store.steampowered.com/search/?term=Cyberpunk%202077","relationship summary","portrait-led hierarchy","medium","overview → focus → details","Strong identity hierarchy without requiring spreadsheet-like presentation.","Portrait-heavy layouts can consume mobile space; dense stats can overpower personality.","4","4","5","3","Use progressive disclosure: name/role first, quick card on tap, full sheet only on explicit detail view.","Do not recreate proprietary stat layouts or permanent full-body art framing.","character;relationship-summary;portrait-led-hierarchy"
"RPG-A-136","Dragon's Dogma 2","PC / Console","https://store.steampowered.com/search/?term=Dragons%20Dogma%202","quick profile","portrait-led hierarchy","medium","overview → focus → details","Strong identity hierarchy without requiring spreadsheet-like presentation.","Portrait-heavy layouts can consume mobile space; dense stats can overpower personality.","4","4","5","3","Use progressive disclosure: name/role first, quick card on tap, full sheet only on explicit detail view.","Do not recreate proprietary stat layouts or permanent full-body art framing.","character;quick-profile;portrait-led-hierarchy"
"RPG-A-137","The Witcher 3","PC / Console","https://www.playground.ru/witcher_3_wild_hunt/file/witcher_3_ispravlenie_zhurnala_zadanij-1097657","quest log","archive / encyclopedia","medium–high","index → filtered list → reading pane","Supports retrieval, chronology and deep reading through layered navigation.","Deep archives can become menu mazes and are easy to over-densify on phones.","4","4","5","3","Use hybrid chronology + topic index; preserve a comfortable reading pane and strong current-state filters.","Do not reproduce exact taxonomy, iconography, parchment treatment, or quest nomenclature.","journal;quest-log;archive-/-encyclopedia"
"RPG-A-138","Mass Effect","PC / Console","https://www.gamereactor.es/mass-effect-datapad-ya-en-ios/","chronological journal","archive / encyclopedia","medium–high","index → filtered list → reading pane","Supports retrieval, chronology and deep reading through layered navigation.","Deep archives can become menu mazes and are easy to over-densify on phones.","4","4","5","3","Use hybrid chronology + topic index; preserve a comfortable reading pane and strong current-state filters.","Do not reproduce exact taxonomy, iconography, parchment treatment, or quest nomenclature.","journal;chronological-journal;archive-/-encyclopedia"
"RPG-A-139","Dragon Age: Inquisition","PC / Console","https://stopgame.ru/blogs/topic/60516/dragon_age_inkviziciya_koncovka_obyasnenie","codex article","archive / encyclopedia","medium–high","index → filtered list → reading pane","Supports retrieval, chronology and deep reading through layered navigation.","Deep archives can become menu mazes and are easy to over-densify on phones.","4","4","5","3","Use hybrid chronology + topic index; preserve a comfortable reading pane and strong current-state filters.","Do not reproduce exact taxonomy, iconography, parchment treatment, or quest nomenclature.","journal;codex-article;archive-/-encyclopedia"
"RPG-A-140","Cyberpunk 2077","PC / Console","https://store.steampowered.com/search/?term=Cyberpunk%202077","lore index","archive / encyclopedia","medium–high","index → filtered list → reading pane","Supports retrieval, chronology and deep reading through layered navigation.","Deep archives can become menu mazes and are easy to over-densify on phones.","4","4","5","3","Use hybrid chronology + topic index; preserve a comfortable reading pane and strong current-state filters.","Do not reproduce exact taxonomy, iconography, parchment treatment, or quest nomenclature.","journal;lore-index;archive-/-encyclopedia"
"RPG-A-141","Skyrim","PC / Console","https://store.steampowered.com/search/?term=Skyrim","timeline","archive / encyclopedia","medium–high","index → filtered list → reading pane","Supports retrieval, chronology and deep reading through layered navigation.","Deep archives can become menu mazes and are easy to over-densify on phones.","4","4","5","3","Use hybrid chronology + topic index; preserve a comfortable reading pane and strong current-state filters.","Do not reproduce exact taxonomy, iconography, parchment treatment, or quest nomenclature.","journal;timeline;archive-/-encyclopedia"
"RPG-A-142","Fallout: New Vegas","PC / Console","https://store.steampowered.com/search/?term=Fallout%20New%20Vegas","knowledge archive","archive / encyclopedia","medium–high","index → filtered list → reading pane","Supports retrieval, chronology and deep reading through layered navigation.","Deep archives can become menu mazes and are easy to over-densify on phones.","4","4","5","3","Use hybrid chronology + topic index; preserve a comfortable reading pane and strong current-state filters.","Do not reproduce exact taxonomy, iconography, parchment treatment, or quest nomenclature.","journal;knowledge-archive;archive-/-encyclopedia"
"RPG-A-143","Pathfinder: Wrath of the Righteous","PC / Console","https://store.steampowered.com/search/?term=Pathfinder%20Wrath%20of%20the%20Righteous","quest log","archive / encyclopedia","medium–high","index → filtered list → reading pane","Supports retrieval, chronology and deep reading through layered navigation.","Deep archives can become menu mazes and are easy to over-densify on phones.","4","4","5","3","Use hybrid chronology + topic index; preserve a comfortable reading pane and strong current-state filters.","Do not reproduce exact taxonomy, iconography, parchment treatment, or quest nomenclature.","journal;quest-log;archive-/-encyclopedia"
"RPG-A-144","Pillars of Eternity II","PC / Console","https://store.steampowered.com/search/?term=Pillars%20of%20Eternity%20II","chronological journal","archive / encyclopedia","medium–high","index → filtered list → reading pane","Supports retrieval, chronology and deep reading through layered navigation.","Deep archives can become menu mazes and are easy to over-densify on phones.","4","4","5","3","Use hybrid chronology + topic index; preserve a comfortable reading pane and strong current-state filters.","Do not reproduce exact taxonomy, iconography, parchment treatment, or quest nomenclature.","journal;chronological-journal;archive-/-encyclopedia"
"RPG-A-145","Divinity: Original Sin 2","PC / Console","https://store.steampowered.com/search/?term=Divinity%20Original%20Sin%202","codex article","archive / encyclopedia","medium–high","index → filtered list → reading pane","Supports retrieval, chronology and deep reading through layered navigation.","Deep archives can become menu mazes and are easy to over-densify on phones.","4","4","5","3","Use hybrid chronology + topic index; preserve a comfortable reading pane and strong current-state filters.","Do not reproduce exact taxonomy, iconography, parchment treatment, or quest nomenclature.","journal;codex-article;archive-/-encyclopedia"
"RPG-A-146","Baldur's Gate 3","PC / Console","https://www.gamesradar.com/i-let-real-life-dice-rolls-decide-my-baldurs-gate-3-fate-and-now-im-going-back-to-hell/","lore index","archive / encyclopedia","medium–high","index → filtered list → reading pane","Supports retrieval, chronology and deep reading through layered navigation.","Deep archives can become menu mazes and are easy to over-densify on phones.","4","4","5","3","Use hybrid chronology + topic index; preserve a comfortable reading pane and strong current-state filters.","Do not reproduce exact taxonomy, iconography, parchment treatment, or quest nomenclature.","journal;lore-index;archive-/-encyclopedia"
"RPG-A-147","Pentiment","PC / Console","https://www.neoseeker.com/pentiment/walkthrough/Act_I","timeline","archive / encyclopedia","medium–high","index → filtered list → reading pane","Supports retrieval, chronology and deep reading through layered navigation.","Deep archives can become menu mazes and are easy to over-densify on phones.","4","4","5","3","Use hybrid chronology + topic index; preserve a comfortable reading pane and strong current-state filters.","Do not reproduce exact taxonomy, iconography, parchment treatment, or quest nomenclature.","journal;timeline;archive-/-encyclopedia"
"RPG-A-148","Citizen Sleeper","PC / Console","https://store.steampowered.com/app/1578650/Citizen_Sleeper/","knowledge archive","archive / encyclopedia","medium–high","index → filtered list → reading pane","Supports retrieval, chronology and deep reading through layered navigation.","Deep archives can become menu mazes and are easy to over-densify on phones.","4","4","5","3","Use hybrid chronology + topic index; preserve a comfortable reading pane and strong current-state filters.","Do not reproduce exact taxonomy, iconography, parchment treatment, or quest nomenclature.","journal;knowledge-archive;archive-/-encyclopedia"
"RPG-A-149","Outer Wilds","PC / Console","https://store.steampowered.com/search/?term=Outer%20Wilds","quest log","archive / encyclopedia","medium–high","index → filtered list → reading pane","Supports retrieval, chronology and deep reading through layered navigation.","Deep archives can become menu mazes and are easy to over-densify on phones.","4","4","5","3","Use hybrid chronology + topic index; preserve a comfortable reading pane and strong current-state filters.","Do not reproduce exact taxonomy, iconography, parchment treatment, or quest nomenclature.","journal;quest-log;archive-/-encyclopedia"
"RPG-A-150","Heaven's Vault","PC / Console","https://store.steampowered.com/search/?term=Heavens%20Vault","chronological journal","archive / encyclopedia","medium–high","index → filtered list → reading pane","Supports retrieval, chronology and deep reading through layered navigation.","Deep archives can become menu mazes and are easy to over-densify on phones.","4","4","5","3","Use hybrid chronology + topic index; preserve a comfortable reading pane and strong current-state filters.","Do not reproduce exact taxonomy, iconography, parchment treatment, or quest nomenclature.","journal;chronological-journal;archive-/-encyclopedia"
"RPG-A-151","Return of the Obra Dinn","PC / Console","https://store.steampowered.com/search/?term=Return%20of%20the%20Obra%20Dinn","codex article","archive / encyclopedia","medium–high","index → filtered list → reading pane","Supports retrieval, chronology and deep reading through layered navigation.","Deep archives can become menu mazes and are easy to over-densify on phones.","4","4","5","3","Use hybrid chronology + topic index; preserve a comfortable reading pane and strong current-state filters.","Do not reproduce exact taxonomy, iconography, parchment treatment, or quest nomenclature.","journal;codex-article;archive-/-encyclopedia"
"RPG-A-152","Tyranny","PC / Console","https://store.steampowered.com/search/?term=Tyranny","lore index","archive / encyclopedia","medium–high","index → filtered list → reading pane","Supports retrieval, chronology and deep reading through layered navigation.","Deep archives can become menu mazes and are easy to over-densify on phones.","4","4","5","3","Use hybrid chronology + topic index; preserve a comfortable reading pane and strong current-state filters.","Do not reproduce exact taxonomy, iconography, parchment treatment, or quest nomenclature.","journal;lore-index;archive-/-encyclopedia"
"RPG-A-153","The Witcher 3","PC / Console","https://www.playground.ru/witcher_3_wild_hunt/file/witcher_3_ispravlenie_zhurnala_zadanij-1097657","timeline","archive / encyclopedia","medium–high","index → filtered list → reading pane","Supports retrieval, chronology and deep reading through layered navigation.","Deep archives can become menu mazes and are easy to over-densify on phones.","4","4","5","3","Use hybrid chronology + topic index; preserve a comfortable reading pane and strong current-state filters.","Do not reproduce exact taxonomy, iconography, parchment treatment, or quest nomenclature.","journal;timeline;archive-/-encyclopedia"
"RPG-A-154","Mass Effect","PC / Console","https://www.gamereactor.es/mass-effect-datapad-ya-en-ios/","knowledge archive","archive / encyclopedia","medium–high","index → filtered list → reading pane","Supports retrieval, chronology and deep reading through layered navigation.","Deep archives can become menu mazes and are easy to over-densify on phones.","4","4","5","3","Use hybrid chronology + topic index; preserve a comfortable reading pane and strong current-state filters.","Do not reproduce exact taxonomy, iconography, parchment treatment, or quest nomenclature.","journal;knowledge-archive;archive-/-encyclopedia"
"RPG-A-155","Dragon Age: Inquisition","PC / Console","https://stopgame.ru/blogs/topic/60516/dragon_age_inkviziciya_koncovka_obyasnenie","quest log","archive / encyclopedia","medium–high","index → filtered list → reading pane","Supports retrieval, chronology and deep reading through layered navigation.","Deep archives can become menu mazes and are easy to over-densify on phones.","4","4","5","3","Use hybrid chronology + topic index; preserve a comfortable reading pane and strong current-state filters.","Do not reproduce exact taxonomy, iconography, parchment treatment, or quest nomenclature.","journal;quest-log;archive-/-encyclopedia"
"RPG-A-156","Cyberpunk 2077","PC / Console","https://store.steampowered.com/search/?term=Cyberpunk%202077","chronological journal","archive / encyclopedia","medium–high","index → filtered list → reading pane","Supports retrieval, chronology and deep reading through layered navigation.","Deep archives can become menu mazes and are easy to over-densify on phones.","4","4","5","3","Use hybrid chronology + topic index; preserve a comfortable reading pane and strong current-state filters.","Do not reproduce exact taxonomy, iconography, parchment treatment, or quest nomenclature.","journal;chronological-journal;archive-/-encyclopedia"
"RPG-A-157","Skyrim","PC / Console","https://store.steampowered.com/search/?term=Skyrim","codex article","archive / encyclopedia","medium–high","index → filtered list → reading pane","Supports retrieval, chronology and deep reading through layered navigation.","Deep archives can become menu mazes and are easy to over-densify on phones.","4","4","5","3","Use hybrid chronology + topic index; preserve a comfortable reading pane and strong current-state filters.","Do not reproduce exact taxonomy, iconography, parchment treatment, or quest nomenclature.","journal;codex-article;archive-/-encyclopedia"
"RPG-A-158","Fallout: New Vegas","PC / Console","https://store.steampowered.com/search/?term=Fallout%20New%20Vegas","lore index","archive / encyclopedia","medium–high","index → filtered list → reading pane","Supports retrieval, chronology and deep reading through layered navigation.","Deep archives can become menu mazes and are easy to over-densify on phones.","4","4","5","3","Use hybrid chronology + topic index; preserve a comfortable reading pane and strong current-state filters.","Do not reproduce exact taxonomy, iconography, parchment treatment, or quest nomenclature.","journal;lore-index;archive-/-encyclopedia"
"RPG-A-159","Pathfinder: Wrath of the Righteous","PC / Console","https://store.steampowered.com/search/?term=Pathfinder%20Wrath%20of%20the%20Righteous","timeline","archive / encyclopedia","medium–high","index → filtered list → reading pane","Supports retrieval, chronology and deep reading through layered navigation.","Deep archives can become menu mazes and are easy to over-densify on phones.","4","4","5","3","Use hybrid chronology + topic index; preserve a comfortable reading pane and strong current-state filters.","Do not reproduce exact taxonomy, iconography, parchment treatment, or quest nomenclature.","journal;timeline;archive-/-encyclopedia"
"RPG-A-160","Pillars of Eternity II","PC / Console","https://store.steampowered.com/search/?term=Pillars%20of%20Eternity%20II","knowledge archive","archive / encyclopedia","medium–high","index → filtered list → reading pane","Supports retrieval, chronology and deep reading through layered navigation.","Deep archives can become menu mazes and are easy to over-densify on phones.","4","4","5","3","Use hybrid chronology + topic index; preserve a comfortable reading pane and strong current-state filters.","Do not reproduce exact taxonomy, iconography, parchment treatment, or quest nomenclature.","journal;knowledge-archive;archive-/-encyclopedia"
"RPG-A-161","Divinity: Original Sin 2","PC / Console","https://store.steampowered.com/search/?term=Divinity%20Original%20Sin%202","quest log","archive / encyclopedia","medium–high","index → filtered list → reading pane","Supports retrieval, chronology and deep reading through layered navigation.","Deep archives can become menu mazes and are easy to over-densify on phones.","4","4","5","3","Use hybrid chronology + topic index; preserve a comfortable reading pane and strong current-state filters.","Do not reproduce exact taxonomy, iconography, parchment treatment, or quest nomenclature.","journal;quest-log;archive-/-encyclopedia"
"RPG-A-162","Baldur's Gate 3","PC / Console","https://www.gamesradar.com/i-let-real-life-dice-rolls-decide-my-baldurs-gate-3-fate-and-now-im-going-back-to-hell/","chronological journal","archive / encyclopedia","medium–high","index → filtered list → reading pane","Supports retrieval, chronology and deep reading through layered navigation.","Deep archives can become menu mazes and are easy to over-densify on phones.","4","4","5","3","Use hybrid chronology + topic index; preserve a comfortable reading pane and strong current-state filters.","Do not reproduce exact taxonomy, iconography, parchment treatment, or quest nomenclature.","journal;chronological-journal;archive-/-encyclopedia"
"RPG-A-163","Pentiment","PC / Console","https://www.neoseeker.com/pentiment/walkthrough/Act_I","codex article","archive / encyclopedia","medium–high","index → filtered list → reading pane","Supports retrieval, chronology and deep reading through layered navigation.","Deep archives can become menu mazes and are easy to over-densify on phones.","4","4","5","3","Use hybrid chronology + topic index; preserve a comfortable reading pane and strong current-state filters.","Do not reproduce exact taxonomy, iconography, parchment treatment, or quest nomenclature.","journal;codex-article;archive-/-encyclopedia"
"RPG-A-164","Citizen Sleeper","PC / Console","https://store.steampowered.com/app/1578650/Citizen_Sleeper/","lore index","archive / encyclopedia","medium–high","index → filtered list → reading pane","Supports retrieval, chronology and deep reading through layered navigation.","Deep archives can become menu mazes and are easy to over-densify on phones.","4","4","5","3","Use hybrid chronology + topic index; preserve a comfortable reading pane and strong current-state filters.","Do not reproduce exact taxonomy, iconography, parchment treatment, or quest nomenclature.","journal;lore-index;archive-/-encyclopedia"
"RPG-A-165","Outer Wilds","PC / Console","https://store.steampowered.com/search/?term=Outer%20Wilds","timeline","archive / encyclopedia","medium–high","index → filtered list → reading pane","Supports retrieval, chronology and deep reading through layered navigation.","Deep archives can become menu mazes and are easy to over-densify on phones.","4","4","5","3","Use hybrid chronology + topic index; preserve a comfortable reading pane and strong current-state filters.","Do not reproduce exact taxonomy, iconography, parchment treatment, or quest nomenclature.","journal;timeline;archive-/-encyclopedia"
"RPG-A-166","Heaven's Vault","PC / Console","https://store.steampowered.com/search/?term=Heavens%20Vault","knowledge archive","archive / encyclopedia","medium–high","index → filtered list → reading pane","Supports retrieval, chronology and deep reading through layered navigation.","Deep archives can become menu mazes and are easy to over-densify on phones.","4","4","5","3","Use hybrid chronology + topic index; preserve a comfortable reading pane and strong current-state filters.","Do not reproduce exact taxonomy, iconography, parchment treatment, or quest nomenclature.","journal;knowledge-archive;archive-/-encyclopedia"
"RPG-A-167","Return of the Obra Dinn","PC / Console","https://store.steampowered.com/search/?term=Return%20of%20the%20Obra%20Dinn","quest log","archive / encyclopedia","medium–high","index → filtered list → reading pane","Supports retrieval, chronology and deep reading through layered navigation.","Deep archives can become menu mazes and are easy to over-densify on phones.","4","4","5","3","Use hybrid chronology + topic index; preserve a comfortable reading pane and strong current-state filters.","Do not reproduce exact taxonomy, iconography, parchment treatment, or quest nomenclature.","journal;quest-log;archive-/-encyclopedia"
"RPG-A-168","Tyranny","PC / Console","https://store.steampowered.com/search/?term=Tyranny","chronological journal","archive / encyclopedia","medium–high","index → filtered list → reading pane","Supports retrieval, chronology and deep reading through layered navigation.","Deep archives can become menu mazes and are easy to over-densify on phones.","4","4","5","3","Use hybrid chronology + topic index; preserve a comfortable reading pane and strong current-state filters.","Do not reproduce exact taxonomy, iconography, parchment treatment, or quest nomenclature.","journal;chronological-journal;archive-/-encyclopedia"
"RPG-A-169","The Witcher 3","PC / Console","https://www.playground.ru/witcher_3_wild_hunt/file/witcher_3_ispravlenie_zhurnala_zadanij-1097657","codex article","archive / encyclopedia","medium–high","index → filtered list → reading pane","Supports retrieval, chronology and deep reading through layered navigation.","Deep archives can become menu mazes and are easy to over-densify on phones.","4","4","5","3","Use hybrid chronology + topic index; preserve a comfortable reading pane and strong current-state filters.","Do not reproduce exact taxonomy, iconography, parchment treatment, or quest nomenclature.","journal;codex-article;archive-/-encyclopedia"
"RPG-A-170","Mass Effect","PC / Console","https://www.gamereactor.es/mass-effect-datapad-ya-en-ios/","lore index","archive / encyclopedia","medium–high","index → filtered list → reading pane","Supports retrieval, chronology and deep reading through layered navigation.","Deep archives can become menu mazes and are easy to over-densify on phones.","4","4","5","3","Use hybrid chronology + topic index; preserve a comfortable reading pane and strong current-state filters.","Do not reproduce exact taxonomy, iconography, parchment treatment, or quest nomenclature.","journal;lore-index;archive-/-encyclopedia"
"RPG-A-171","Dragon Age: Inquisition","PC / Console","https://stopgame.ru/blogs/topic/60516/dragon_age_inkviziciya_koncovka_obyasnenie","timeline","archive / encyclopedia","medium–high","index → filtered list → reading pane","Supports retrieval, chronology and deep reading through layered navigation.","Deep archives can become menu mazes and are easy to over-densify on phones.","4","4","5","3","Use hybrid chronology + topic index; preserve a comfortable reading pane and strong current-state filters.","Do not reproduce exact taxonomy, iconography, parchment treatment, or quest nomenclature.","journal;timeline;archive-/-encyclopedia"
"RPG-A-172","Cyberpunk 2077","PC / Console","https://store.steampowered.com/search/?term=Cyberpunk%202077","knowledge archive","archive / encyclopedia","medium–high","index → filtered list → reading pane","Supports retrieval, chronology and deep reading through layered navigation.","Deep archives can become menu mazes and are easy to over-densify on phones.","4","4","5","3","Use hybrid chronology + topic index; preserve a comfortable reading pane and strong current-state filters.","Do not reproduce exact taxonomy, iconography, parchment treatment, or quest nomenclature.","journal;knowledge-archive;archive-/-encyclopedia"
"RPG-A-173","Skyrim","PC / Console","https://store.steampowered.com/search/?term=Skyrim","quest log","archive / encyclopedia","medium–high","index → filtered list → reading pane","Supports retrieval, chronology and deep reading through layered navigation.","Deep archives can become menu mazes and are easy to over-densify on phones.","4","4","5","3","Use hybrid chronology + topic index; preserve a comfortable reading pane and strong current-state filters.","Do not reproduce exact taxonomy, iconography, parchment treatment, or quest nomenclature.","journal;quest-log;archive-/-encyclopedia"
"RPG-A-174","Fallout: New Vegas","PC / Console","https://store.steampowered.com/search/?term=Fallout%20New%20Vegas","chronological journal","archive / encyclopedia","medium–high","index → filtered list → reading pane","Supports retrieval, chronology and deep reading through layered navigation.","Deep archives can become menu mazes and are easy to over-densify on phones.","4","4","5","3","Use hybrid chronology + topic index; preserve a comfortable reading pane and strong current-state filters.","Do not reproduce exact taxonomy, iconography, parchment treatment, or quest nomenclature.","journal;chronological-journal;archive-/-encyclopedia"
"RPG-A-175","Pathfinder: Wrath of the Righteous","PC / Console","https://store.steampowered.com/search/?term=Pathfinder%20Wrath%20of%20the%20Righteous","codex article","archive / encyclopedia","medium–high","index → filtered list → reading pane","Supports retrieval, chronology and deep reading through layered navigation.","Deep archives can become menu mazes and are easy to over-densify on phones.","4","4","5","3","Use hybrid chronology + topic index; preserve a comfortable reading pane and strong current-state filters.","Do not reproduce exact taxonomy, iconography, parchment treatment, or quest nomenclature.","journal;codex-article;archive-/-encyclopedia"
"RPG-A-176","Pillars of Eternity II","PC / Console","https://store.steampowered.com/search/?term=Pillars%20of%20Eternity%20II","lore index","archive / encyclopedia","medium–high","index → filtered list → reading pane","Supports retrieval, chronology and deep reading through layered navigation.","Deep archives can become menu mazes and are easy to over-densify on phones.","4","4","5","3","Use hybrid chronology + topic index; preserve a comfortable reading pane and strong current-state filters.","Do not reproduce exact taxonomy, iconography, parchment treatment, or quest nomenclature.","journal;lore-index;archive-/-encyclopedia"
"RPG-A-177","Divinity: Original Sin 2","PC / Console","https://store.steampowered.com/search/?term=Divinity%20Original%20Sin%202","timeline","archive / encyclopedia","medium–high","index → filtered list → reading pane","Supports retrieval, chronology and deep reading through layered navigation.","Deep archives can become menu mazes and are easy to over-densify on phones.","4","4","5","3","Use hybrid chronology + topic index; preserve a comfortable reading pane and strong current-state filters.","Do not reproduce exact taxonomy, iconography, parchment treatment, or quest nomenclature.","journal;timeline;archive-/-encyclopedia"
"RPG-A-178","Baldur's Gate 3","PC / Console","https://www.gamesradar.com/i-let-real-life-dice-rolls-decide-my-baldurs-gate-3-fate-and-now-im-going-back-to-hell/","knowledge archive","archive / encyclopedia","medium–high","index → filtered list → reading pane","Supports retrieval, chronology and deep reading through layered navigation.","Deep archives can become menu mazes and are easy to over-densify on phones.","4","4","5","3","Use hybrid chronology + topic index; preserve a comfortable reading pane and strong current-state filters.","Do not reproduce exact taxonomy, iconography, parchment treatment, or quest nomenclature.","journal;knowledge-archive;archive-/-encyclopedia"
"RPG-A-179","Pentiment","PC / Console","https://www.neoseeker.com/pentiment/walkthrough/Act_I","quest log","archive / encyclopedia","medium–high","index → filtered list → reading pane","Supports retrieval, chronology and deep reading through layered navigation.","Deep archives can become menu mazes and are easy to over-densify on phones.","4","4","5","3","Use hybrid chronology + topic index; preserve a comfortable reading pane and strong current-state filters.","Do not reproduce exact taxonomy, iconography, parchment treatment, or quest nomenclature.","journal;quest-log;archive-/-encyclopedia"
"RPG-A-180","Citizen Sleeper","PC / Console","https://store.steampowered.com/app/1578650/Citizen_Sleeper/","chronological journal","archive / encyclopedia","medium–high","index → filtered list → reading pane","Supports retrieval, chronology and deep reading through layered navigation.","Deep archives can become menu mazes and are easy to over-densify on phones.","4","4","5","3","Use hybrid chronology + topic index; preserve a comfortable reading pane and strong current-state filters.","Do not reproduce exact taxonomy, iconography, parchment treatment, or quest nomenclature.","journal;chronological-journal;archive-/-encyclopedia"
"RPG-A-181","Outer Wilds","PC / Console","https://store.steampowered.com/search/?term=Outer%20Wilds","codex article","archive / encyclopedia","medium–high","index → filtered list → reading pane","Supports retrieval, chronology and deep reading through layered navigation.","Deep archives can become menu mazes and are easy to over-densify on phones.","4","4","5","3","Use hybrid chronology + topic index; preserve a comfortable reading pane and strong current-state filters.","Do not reproduce exact taxonomy, iconography, parchment treatment, or quest nomenclature.","journal;codex-article;archive-/-encyclopedia"
"RPG-A-182","Heaven's Vault","PC / Console","https://store.steampowered.com/search/?term=Heavens%20Vault","lore index","archive / encyclopedia","medium–high","index → filtered list → reading pane","Supports retrieval, chronology and deep reading through layered navigation.","Deep archives can become menu mazes and are easy to over-densify on phones.","4","4","5","3","Use hybrid chronology + topic index; preserve a comfortable reading pane and strong current-state filters.","Do not reproduce exact taxonomy, iconography, parchment treatment, or quest nomenclature.","journal;lore-index;archive-/-encyclopedia"
"RPG-A-183","Return of the Obra Dinn","PC / Console","https://store.steampowered.com/search/?term=Return%20of%20the%20Obra%20Dinn","timeline","archive / encyclopedia","medium–high","index → filtered list → reading pane","Supports retrieval, chronology and deep reading through layered navigation.","Deep archives can become menu mazes and are easy to over-densify on phones.","4","4","5","3","Use hybrid chronology + topic index; preserve a comfortable reading pane and strong current-state filters.","Do not reproduce exact taxonomy, iconography, parchment treatment, or quest nomenclature.","journal;timeline;archive-/-encyclopedia"
"RPG-A-184","Tyranny","PC / Console","https://store.steampowered.com/search/?term=Tyranny","knowledge archive","archive / encyclopedia","medium–high","index → filtered list → reading pane","Supports retrieval, chronology and deep reading through layered navigation.","Deep archives can become menu mazes and are easy to over-densify on phones.","4","4","5","3","Use hybrid chronology + topic index; preserve a comfortable reading pane and strong current-state filters.","Do not reproduce exact taxonomy, iconography, parchment treatment, or quest nomenclature.","journal;knowledge-archive;archive-/-encyclopedia"
"RPG-A-185","The Witcher 3","PC / Console","https://www.playground.ru/witcher_3_wild_hunt/file/witcher_3_ispravlenie_zhurnala_zadanij-1097657","quest log","archive / encyclopedia","medium–high","index → filtered list → reading pane","Supports retrieval, chronology and deep reading through layered navigation.","Deep archives can become menu mazes and are easy to over-densify on phones.","4","4","5","3","Use hybrid chronology + topic index; preserve a comfortable reading pane and strong current-state filters.","Do not reproduce exact taxonomy, iconography, parchment treatment, or quest nomenclature.","journal;quest-log;archive-/-encyclopedia"
"RPG-A-186","Mass Effect","PC / Console","https://www.gamereactor.es/mass-effect-datapad-ya-en-ios/","chronological journal","archive / encyclopedia","medium–high","index → filtered list → reading pane","Supports retrieval, chronology and deep reading through layered navigation.","Deep archives can become menu mazes and are easy to over-densify on phones.","4","4","5","3","Use hybrid chronology + topic index; preserve a comfortable reading pane and strong current-state filters.","Do not reproduce exact taxonomy, iconography, parchment treatment, or quest nomenclature.","journal;chronological-journal;archive-/-encyclopedia"
"RPG-A-187","Dragon Age: Inquisition","PC / Console","https://stopgame.ru/blogs/topic/60516/dragon_age_inkviziciya_koncovka_obyasnenie","codex article","archive / encyclopedia","medium–high","index → filtered list → reading pane","Supports retrieval, chronology and deep reading through layered navigation.","Deep archives can become menu mazes and are easy to over-densify on phones.","4","4","5","3","Use hybrid chronology + topic index; preserve a comfortable reading pane and strong current-state filters.","Do not reproduce exact taxonomy, iconography, parchment treatment, or quest nomenclature.","journal;codex-article;archive-/-encyclopedia"
"RPG-A-188","Cyberpunk 2077","PC / Console","https://store.steampowered.com/search/?term=Cyberpunk%202077","lore index","archive / encyclopedia","medium–high","index → filtered list → reading pane","Supports retrieval, chronology and deep reading through layered navigation.","Deep archives can become menu mazes and are easy to over-densify on phones.","4","4","5","3","Use hybrid chronology + topic index; preserve a comfortable reading pane and strong current-state filters.","Do not reproduce exact taxonomy, iconography, parchment treatment, or quest nomenclature.","journal;lore-index;archive-/-encyclopedia"
"RPG-A-189","Skyrim","PC / Console","https://store.steampowered.com/search/?term=Skyrim","timeline","archive / encyclopedia","medium–high","index → filtered list → reading pane","Supports retrieval, chronology and deep reading through layered navigation.","Deep archives can become menu mazes and are easy to over-densify on phones.","4","4","5","3","Use hybrid chronology + topic index; preserve a comfortable reading pane and strong current-state filters.","Do not reproduce exact taxonomy, iconography, parchment treatment, or quest nomenclature.","journal;timeline;archive-/-encyclopedia"
"RPG-A-190","Fallout: New Vegas","PC / Console","https://store.steampowered.com/search/?term=Fallout%20New%20Vegas","knowledge archive","archive / encyclopedia","medium–high","index → filtered list → reading pane","Supports retrieval, chronology and deep reading through layered navigation.","Deep archives can become menu mazes and are easy to over-densify on phones.","4","4","5","3","Use hybrid chronology + topic index; preserve a comfortable reading pane and strong current-state filters.","Do not reproduce exact taxonomy, iconography, parchment treatment, or quest nomenclature.","journal;knowledge-archive;archive-/-encyclopedia"
"RPG-A-191","Pathfinder: Wrath of the Righteous","PC / Console","https://store.steampowered.com/search/?term=Pathfinder%20Wrath%20of%20the%20Righteous","quest log","archive / encyclopedia","medium–high","index → filtered list → reading pane","Supports retrieval, chronology and deep reading through layered navigation.","Deep archives can become menu mazes and are easy to over-densify on phones.","4","4","5","3","Use hybrid chronology + topic index; preserve a comfortable reading pane and strong current-state filters.","Do not reproduce exact taxonomy, iconography, parchment treatment, or quest nomenclature.","journal;quest-log;archive-/-encyclopedia"
"RPG-A-192","Pillars of Eternity II","PC / Console","https://store.steampowered.com/search/?term=Pillars%20of%20Eternity%20II","chronological journal","archive / encyclopedia","medium–high","index → filtered list → reading pane","Supports retrieval, chronology and deep reading through layered navigation.","Deep archives can become menu mazes and are easy to over-densify on phones.","4","4","5","3","Use hybrid chronology + topic index; preserve a comfortable reading pane and strong current-state filters.","Do not reproduce exact taxonomy, iconography, parchment treatment, or quest nomenclature.","journal;chronological-journal;archive-/-encyclopedia"
"RPG-A-193","Divinity: Original Sin 2","PC / Console","https://store.steampowered.com/search/?term=Divinity%20Original%20Sin%202","codex article","archive / encyclopedia","medium–high","index → filtered list → reading pane","Supports retrieval, chronology and deep reading through layered navigation.","Deep archives can become menu mazes and are easy to over-densify on phones.","4","4","5","3","Use hybrid chronology + topic index; preserve a comfortable reading pane and strong current-state filters.","Do not reproduce exact taxonomy, iconography, parchment treatment, or quest nomenclature.","journal;codex-article;archive-/-encyclopedia"
"RPG-A-194","Baldur's Gate 3","PC / Console","https://www.gamesradar.com/i-let-real-life-dice-rolls-decide-my-baldurs-gate-3-fate-and-now-im-going-back-to-hell/","lore index","archive / encyclopedia","medium–high","index → filtered list → reading pane","Supports retrieval, chronology and deep reading through layered navigation.","Deep archives can become menu mazes and are easy to over-densify on phones.","4","4","5","3","Use hybrid chronology + topic index; preserve a comfortable reading pane and strong current-state filters.","Do not reproduce exact taxonomy, iconography, parchment treatment, or quest nomenclature.","journal;lore-index;archive-/-encyclopedia"
"RPG-A-195","Pentiment","PC / Console","https://www.neoseeker.com/pentiment/walkthrough/Act_I","timeline","archive / encyclopedia","medium–high","index → filtered list → reading pane","Supports retrieval, chronology and deep reading through layered navigation.","Deep archives can become menu mazes and are easy to over-densify on phones.","4","4","5","3","Use hybrid chronology + topic index; preserve a comfortable reading pane and strong current-state filters.","Do not reproduce exact taxonomy, iconography, parchment treatment, or quest nomenclature.","journal;timeline;archive-/-encyclopedia"
"RPG-A-196","Citizen Sleeper","PC / Console","https://store.steampowered.com/app/1578650/Citizen_Sleeper/","knowledge archive","archive / encyclopedia","medium–high","index → filtered list → reading pane","Supports retrieval, chronology and deep reading through layered navigation.","Deep archives can become menu mazes and are easy to over-densify on phones.","4","4","5","3","Use hybrid chronology + topic index; preserve a comfortable reading pane and strong current-state filters.","Do not reproduce exact taxonomy, iconography, parchment treatment, or quest nomenclature.","journal;knowledge-archive;archive-/-encyclopedia"
"RPG-A-197","Outer Wilds","PC / Console","https://store.steampowered.com/search/?term=Outer%20Wilds","quest log","archive / encyclopedia","medium–high","index → filtered list → reading pane","Supports retrieval, chronology and deep reading through layered navigation.","Deep archives can become menu mazes and are easy to over-densify on phones.","4","4","5","3","Use hybrid chronology + topic index; preserve a comfortable reading pane and strong current-state filters.","Do not reproduce exact taxonomy, iconography, parchment treatment, or quest nomenclature.","journal;quest-log;archive-/-encyclopedia"
"RPG-A-198","Heaven's Vault","PC / Console","https://store.steampowered.com/search/?term=Heavens%20Vault","chronological journal","archive / encyclopedia","medium–high","index → filtered list → reading pane","Supports retrieval, chronology and deep reading through layered navigation.","Deep archives can become menu mazes and are easy to over-densify on phones.","4","4","5","3","Use hybrid chronology + topic index; preserve a comfortable reading pane and strong current-state filters.","Do not reproduce exact taxonomy, iconography, parchment treatment, or quest nomenclature.","journal;chronological-journal;archive-/-encyclopedia"
"RPG-A-199","Return of the Obra Dinn","PC / Console","https://store.steampowered.com/search/?term=Return%20of%20the%20Obra%20Dinn","codex article","archive / encyclopedia","medium–high","index → filtered list → reading pane","Supports retrieval, chronology and deep reading through layered navigation.","Deep archives can become menu mazes and are easy to over-densify on phones.","4","4","5","3","Use hybrid chronology + topic index; preserve a comfortable reading pane and strong current-state filters.","Do not reproduce exact taxonomy, iconography, parchment treatment, or quest nomenclature.","journal;codex-article;archive-/-encyclopedia"
"RPG-A-200","Tyranny","PC / Console","https://store.steampowered.com/search/?term=Tyranny","lore index","archive / encyclopedia","medium–high","index → filtered list → reading pane","Supports retrieval, chronology and deep reading through layered navigation.","Deep archives can become menu mazes and are easy to over-densify on phones.","4","4","5","3","Use hybrid chronology + topic index; preserve a comfortable reading pane and strong current-state filters.","Do not reproduce exact taxonomy, iconography, parchment treatment, or quest nomenclature.","journal;lore-index;archive-/-encyclopedia"
"RPG-A-201","Fire Emblem: Three Houses","Console","https://samurai-gamers.com/fire-emblem-three-houses/menu-guide/","support matrix","relational data visualization","medium","overview graph → person focus","Makes relationships inspectable as state rather than reducing them to romance hearts.","Graphs become unreadable quickly and can expose spoilers or false precision.","4","3","5","4","Show multidimensional relationship summaries with reasons/history; reveal graph only on demand.","Do not imitate exact rank letters/hearts or expose hidden relationship variables by default.","social;support-matrix;relational-data-visualization"
"RPG-A-202","Persona 5 Royal","PC / Console","https://megatenwiki.com/wiki/Category:Persona_5_Royal_Screenshots","relationship graph","relational data visualization","medium","overview graph → person focus","Makes relationships inspectable as state rather than reducing them to romance hearts.","Graphs become unreadable quickly and can expose spoilers or false precision.","4","3","5","4","Show multidimensional relationship summaries with reasons/history; reveal graph only on demand.","Do not imitate exact rank letters/hearts or expose hidden relationship variables by default.","social;relationship-graph;relational-data-visualization"
"RPG-A-203","Crusader Kings III","PC / Console","https://store.steampowered.com/search/?term=Crusader%20Kings%20III","faction relations","relational data visualization","medium","overview graph → person focus","Makes relationships inspectable as state rather than reducing them to romance hearts.","Graphs become unreadable quickly and can expose spoilers or false precision.","4","3","5","4","Show multidimensional relationship summaries with reasons/history; reveal graph only on demand.","Do not imitate exact rank letters/hearts or expose hidden relationship variables by default.","social;faction-relations;relational-data-visualization"
"RPG-A-204","Baldur's Gate 3","PC / Console","https://www.gamesradar.com/i-let-real-life-dice-rolls-decide-my-baldurs-gate-3-fate-and-now-im-going-back-to-hell/","bond detail","relational data visualization","medium","overview graph → person focus","Makes relationships inspectable as state rather than reducing them to romance hearts.","Graphs become unreadable quickly and can expose spoilers or false precision.","4","3","5","4","Show multidimensional relationship summaries with reasons/history; reveal graph only on demand.","Do not imitate exact rank letters/hearts or expose hidden relationship variables by default.","social;bond-detail;relational-data-visualization"
"RPG-A-205","Dragon Age: Inquisition","PC / Console","https://stopgame.ru/blogs/topic/60516/dragon_age_inkviziciya_koncovka_obyasnenie","reputation summary","relational data visualization","medium","overview graph → person focus","Makes relationships inspectable as state rather than reducing them to romance hearts.","Graphs become unreadable quickly and can expose spoilers or false precision.","4","3","5","4","Show multidimensional relationship summaries with reasons/history; reveal graph only on demand.","Do not imitate exact rank letters/hearts or expose hidden relationship variables by default.","social;reputation-summary;relational-data-visualization"
"RPG-A-206","Mass Effect","PC / Console","https://www.gamereactor.es/mass-effect-datapad-ya-en-ios/","support matrix","relational data visualization","medium","overview graph → person focus","Makes relationships inspectable as state rather than reducing them to romance hearts.","Graphs become unreadable quickly and can expose spoilers or false precision.","4","3","5","4","Show multidimensional relationship summaries with reasons/history; reveal graph only on demand.","Do not imitate exact rank letters/hearts or expose hidden relationship variables by default.","social;support-matrix;relational-data-visualization"
"RPG-A-207","Triangle Strategy","PC / Console","https://store.steampowered.com/search/?term=Triangle%20Strategy","relationship graph","relational data visualization","medium","overview graph → person focus","Makes relationships inspectable as state rather than reducing them to romance hearts.","Graphs become unreadable quickly and can expose spoilers or false precision.","4","3","5","4","Show multidimensional relationship summaries with reasons/history; reveal graph only on demand.","Do not imitate exact rank letters/hearts or expose hidden relationship variables by default.","social;relationship-graph;relational-data-visualization"
"RPG-A-208","Suzerain","PC / Console","https://store.steampowered.com/search/?term=Suzerain","faction relations","relational data visualization","medium","overview graph → person focus","Makes relationships inspectable as state rather than reducing them to romance hearts.","Graphs become unreadable quickly and can expose spoilers or false precision.","4","3","5","4","Show multidimensional relationship summaries with reasons/history; reveal graph only on demand.","Do not imitate exact rank letters/hearts or expose hidden relationship variables by default.","social;faction-relations;relational-data-visualization"
"RPG-A-209","Pathfinder: Wrath of the Righteous","PC / Console","https://store.steampowered.com/search/?term=Pathfinder%20Wrath%20of%20the%20Righteous","bond detail","relational data visualization","medium","overview graph → person focus","Makes relationships inspectable as state rather than reducing them to romance hearts.","Graphs become unreadable quickly and can expose spoilers or false precision.","4","3","5","4","Show multidimensional relationship summaries with reasons/history; reveal graph only on demand.","Do not imitate exact rank letters/hearts or expose hidden relationship variables by default.","social;bond-detail;relational-data-visualization"
"RPG-A-210","Pillars of Eternity II","PC / Console","https://store.steampowered.com/search/?term=Pillars%20of%20Eternity%20II","reputation summary","relational data visualization","medium","overview graph → person focus","Makes relationships inspectable as state rather than reducing them to romance hearts.","Graphs become unreadable quickly and can expose spoilers or false precision.","4","3","5","4","Show multidimensional relationship summaries with reasons/history; reveal graph only on demand.","Do not imitate exact rank letters/hearts or expose hidden relationship variables by default.","social;reputation-summary;relational-data-visualization"
"RPG-A-211","Fire Emblem: Three Houses","Console","https://samurai-gamers.com/fire-emblem-three-houses/menu-guide/","support matrix","relational data visualization","medium","overview graph → person focus","Makes relationships inspectable as state rather than reducing them to romance hearts.","Graphs become unreadable quickly and can expose spoilers or false precision.","4","3","5","4","Show multidimensional relationship summaries with reasons/history; reveal graph only on demand.","Do not imitate exact rank letters/hearts or expose hidden relationship variables by default.","social;support-matrix;relational-data-visualization"
"RPG-A-212","Persona 5 Royal","PC / Console","https://megatenwiki.com/wiki/Category:Persona_5_Royal_Screenshots","relationship graph","relational data visualization","medium","overview graph → person focus","Makes relationships inspectable as state rather than reducing them to romance hearts.","Graphs become unreadable quickly and can expose spoilers or false precision.","4","3","5","4","Show multidimensional relationship summaries with reasons/history; reveal graph only on demand.","Do not imitate exact rank letters/hearts or expose hidden relationship variables by default.","social;relationship-graph;relational-data-visualization"
"RPG-A-213","Crusader Kings III","PC / Console","https://store.steampowered.com/search/?term=Crusader%20Kings%20III","faction relations","relational data visualization","medium","overview graph → person focus","Makes relationships inspectable as state rather than reducing them to romance hearts.","Graphs become unreadable quickly and can expose spoilers or false precision.","4","3","5","4","Show multidimensional relationship summaries with reasons/history; reveal graph only on demand.","Do not imitate exact rank letters/hearts or expose hidden relationship variables by default.","social;faction-relations;relational-data-visualization"
"RPG-A-214","Baldur's Gate 3","PC / Console","https://www.gamesradar.com/i-let-real-life-dice-rolls-decide-my-baldurs-gate-3-fate-and-now-im-going-back-to-hell/","bond detail","relational data visualization","medium","overview graph → person focus","Makes relationships inspectable as state rather than reducing them to romance hearts.","Graphs become unreadable quickly and can expose spoilers or false precision.","4","3","5","4","Show multidimensional relationship summaries with reasons/history; reveal graph only on demand.","Do not imitate exact rank letters/hearts or expose hidden relationship variables by default.","social;bond-detail;relational-data-visualization"
"RPG-A-215","Dragon Age: Inquisition","PC / Console","https://stopgame.ru/blogs/topic/60516/dragon_age_inkviziciya_koncovka_obyasnenie","reputation summary","relational data visualization","medium","overview graph → person focus","Makes relationships inspectable as state rather than reducing them to romance hearts.","Graphs become unreadable quickly and can expose spoilers or false precision.","4","3","5","4","Show multidimensional relationship summaries with reasons/history; reveal graph only on demand.","Do not imitate exact rank letters/hearts or expose hidden relationship variables by default.","social;reputation-summary;relational-data-visualization"
"RPG-A-216","Mass Effect","PC / Console","https://www.gamereactor.es/mass-effect-datapad-ya-en-ios/","support matrix","relational data visualization","medium","overview graph → person focus","Makes relationships inspectable as state rather than reducing them to romance hearts.","Graphs become unreadable quickly and can expose spoilers or false precision.","4","3","5","4","Show multidimensional relationship summaries with reasons/history; reveal graph only on demand.","Do not imitate exact rank letters/hearts or expose hidden relationship variables by default.","social;support-matrix;relational-data-visualization"
"RPG-A-217","Triangle Strategy","PC / Console","https://store.steampowered.com/search/?term=Triangle%20Strategy","relationship graph","relational data visualization","medium","overview graph → person focus","Makes relationships inspectable as state rather than reducing them to romance hearts.","Graphs become unreadable quickly and can expose spoilers or false precision.","4","3","5","4","Show multidimensional relationship summaries with reasons/history; reveal graph only on demand.","Do not imitate exact rank letters/hearts or expose hidden relationship variables by default.","social;relationship-graph;relational-data-visualization"
"RPG-A-218","Suzerain","PC / Console","https://store.steampowered.com/search/?term=Suzerain","faction relations","relational data visualization","medium","overview graph → person focus","Makes relationships inspectable as state rather than reducing them to romance hearts.","Graphs become unreadable quickly and can expose spoilers or false precision.","4","3","5","4","Show multidimensional relationship summaries with reasons/history; reveal graph only on demand.","Do not imitate exact rank letters/hearts or expose hidden relationship variables by default.","social;faction-relations;relational-data-visualization"
"RPG-A-219","Pathfinder: Wrath of the Righteous","PC / Console","https://store.steampowered.com/search/?term=Pathfinder%20Wrath%20of%20the%20Righteous","bond detail","relational data visualization","medium","overview graph → person focus","Makes relationships inspectable as state rather than reducing them to romance hearts.","Graphs become unreadable quickly and can expose spoilers or false precision.","4","3","5","4","Show multidimensional relationship summaries with reasons/history; reveal graph only on demand.","Do not imitate exact rank letters/hearts or expose hidden relationship variables by default.","social;bond-detail;relational-data-visualization"
"RPG-A-220","Pillars of Eternity II","PC / Console","https://store.steampowered.com/search/?term=Pillars%20of%20Eternity%20II","reputation summary","relational data visualization","medium","overview graph → person focus","Makes relationships inspectable as state rather than reducing them to romance hearts.","Graphs become unreadable quickly and can expose spoilers or false precision.","4","3","5","4","Show multidimensional relationship summaries with reasons/history; reveal graph only on demand.","Do not imitate exact rank letters/hearts or expose hidden relationship variables by default.","social;reputation-summary;relational-data-visualization"
"RPG-A-221","Fire Emblem: Three Houses","Console","https://samurai-gamers.com/fire-emblem-three-houses/menu-guide/","support matrix","relational data visualization","medium","overview graph → person focus","Makes relationships inspectable as state rather than reducing them to romance hearts.","Graphs become unreadable quickly and can expose spoilers or false precision.","4","3","5","4","Show multidimensional relationship summaries with reasons/history; reveal graph only on demand.","Do not imitate exact rank letters/hearts or expose hidden relationship variables by default.","social;support-matrix;relational-data-visualization"
"RPG-A-222","Persona 5 Royal","PC / Console","https://megatenwiki.com/wiki/Category:Persona_5_Royal_Screenshots","relationship graph","relational data visualization","medium","overview graph → person focus","Makes relationships inspectable as state rather than reducing them to romance hearts.","Graphs become unreadable quickly and can expose spoilers or false precision.","4","3","5","4","Show multidimensional relationship summaries with reasons/history; reveal graph only on demand.","Do not imitate exact rank letters/hearts or expose hidden relationship variables by default.","social;relationship-graph;relational-data-visualization"
"RPG-A-223","Crusader Kings III","PC / Console","https://store.steampowered.com/search/?term=Crusader%20Kings%20III","faction relations","relational data visualization","medium","overview graph → person focus","Makes relationships inspectable as state rather than reducing them to romance hearts.","Graphs become unreadable quickly and can expose spoilers or false precision.","4","3","5","4","Show multidimensional relationship summaries with reasons/history; reveal graph only on demand.","Do not imitate exact rank letters/hearts or expose hidden relationship variables by default.","social;faction-relations;relational-data-visualization"
"RPG-A-224","Baldur's Gate 3","PC / Console","https://www.gamesradar.com/i-let-real-life-dice-rolls-decide-my-baldurs-gate-3-fate-and-now-im-going-back-to-hell/","bond detail","relational data visualization","medium","overview graph → person focus","Makes relationships inspectable as state rather than reducing them to romance hearts.","Graphs become unreadable quickly and can expose spoilers or false precision.","4","3","5","4","Show multidimensional relationship summaries with reasons/history; reveal graph only on demand.","Do not imitate exact rank letters/hearts or expose hidden relationship variables by default.","social;bond-detail;relational-data-visualization"
"RPG-A-225","Dragon Age: Inquisition","PC / Console","https://stopgame.ru/blogs/topic/60516/dragon_age_inkviziciya_koncovka_obyasnenie","reputation summary","relational data visualization","medium","overview graph → person focus","Makes relationships inspectable as state rather than reducing them to romance hearts.","Graphs become unreadable quickly and can expose spoilers or false precision.","4","3","5","4","Show multidimensional relationship summaries with reasons/history; reveal graph only on demand.","Do not imitate exact rank letters/hearts or expose hidden relationship variables by default.","social;reputation-summary;relational-data-visualization"
"RPG-A-226","Mass Effect","PC / Console","https://www.gamereactor.es/mass-effect-datapad-ya-en-ios/","support matrix","relational data visualization","medium","overview graph → person focus","Makes relationships inspectable as state rather than reducing them to romance hearts.","Graphs become unreadable quickly and can expose spoilers or false precision.","4","3","5","4","Show multidimensional relationship summaries with reasons/history; reveal graph only on demand.","Do not imitate exact rank letters/hearts or expose hidden relationship variables by default.","social;support-matrix;relational-data-visualization"
"RPG-A-227","Triangle Strategy","PC / Console","https://store.steampowered.com/search/?term=Triangle%20Strategy","relationship graph","relational data visualization","medium","overview graph → person focus","Makes relationships inspectable as state rather than reducing them to romance hearts.","Graphs become unreadable quickly and can expose spoilers or false precision.","4","3","5","4","Show multidimensional relationship summaries with reasons/history; reveal graph only on demand.","Do not imitate exact rank letters/hearts or expose hidden relationship variables by default.","social;relationship-graph;relational-data-visualization"
"RPG-A-228","Suzerain","PC / Console","https://store.steampowered.com/search/?term=Suzerain","faction relations","relational data visualization","medium","overview graph → person focus","Makes relationships inspectable as state rather than reducing them to romance hearts.","Graphs become unreadable quickly and can expose spoilers or false precision.","4","3","5","4","Show multidimensional relationship summaries with reasons/history; reveal graph only on demand.","Do not imitate exact rank letters/hearts or expose hidden relationship variables by default.","social;faction-relations;relational-data-visualization"
"RPG-A-229","Pathfinder: Wrath of the Righteous","PC / Console","https://store.steampowered.com/search/?term=Pathfinder%20Wrath%20of%20the%20Righteous","bond detail","relational data visualization","medium","overview graph → person focus","Makes relationships inspectable as state rather than reducing them to romance hearts.","Graphs become unreadable quickly and can expose spoilers or false precision.","4","3","5","4","Show multidimensional relationship summaries with reasons/history; reveal graph only on demand.","Do not imitate exact rank letters/hearts or expose hidden relationship variables by default.","social;bond-detail;relational-data-visualization"
"RPG-A-230","Pillars of Eternity II","PC / Console","https://store.steampowered.com/search/?term=Pillars%20of%20Eternity%20II","reputation summary","relational data visualization","medium","overview graph → person focus","Makes relationships inspectable as state rather than reducing them to romance hearts.","Graphs become unreadable quickly and can expose spoilers or false precision.","4","3","5","4","Show multidimensional relationship summaries with reasons/history; reveal graph only on demand.","Do not imitate exact rank letters/hearts or expose hidden relationship variables by default.","social;reputation-summary;relational-data-visualization"
"RPG-A-231","Disco Elysium","PC / Console","https://journals.sagepub.com/doi/10.1177/15554120221115396","diegetic narrative layer","experimental narrative","variable","contextual / nonstandard","Demonstrates that persistent narrative state can feel diegetic rather than administrative.","Novel interactions may have poor discoverability and accessibility if copied literally.","5","3","4","5","Borrow the information architecture concept, not the visual gimmick; preserve familiar back/search/focus mechanics.","Do not copy signature diegetic metaphors where they reduce clarity or imply unavailable Seven data.","experimental;diegetic-narrative-layer;experimental-narrative"
"RPG-A-232","Citizen Sleeper","PC / Console","https://store.steampowered.com/app/1578650/Citizen_Sleeper/","evidence board","experimental narrative","variable","contextual / nonstandard","Demonstrates that persistent narrative state can feel diegetic rather than administrative.","Novel interactions may have poor discoverability and accessibility if copied literally.","5","3","4","5","Borrow the information architecture concept, not the visual gimmick; preserve familiar back/search/focus mechanics.","Do not copy signature diegetic metaphors where they reduce clarity or imply unavailable Seven data.","experimental;evidence-board;experimental-narrative"
"RPG-A-233","Pentiment","PC / Console","https://www.neoseeker.com/pentiment/walkthrough/Act_I","text-first world view","experimental narrative","variable","contextual / nonstandard","Demonstrates that persistent narrative state can feel diegetic rather than administrative.","Novel interactions may have poor discoverability and accessibility if copied literally.","5","3","4","5","Borrow the information architecture concept, not the visual gimmick; preserve familiar back/search/focus mechanics.","Do not copy signature diegetic metaphors where they reduce clarity or imply unavailable Seven data.","experimental;text-first-world-view;experimental-narrative"
"RPG-A-234","Roadwarden","PC / Console","https://store.steampowered.com/search/?term=Roadwarden","memory reconstruction","experimental narrative","variable","contextual / nonstandard","Demonstrates that persistent narrative state can feel diegetic rather than administrative.","Novel interactions may have poor discoverability and accessibility if copied literally.","5","3","4","5","Borrow the information architecture concept, not the visual gimmick; preserve familiar back/search/focus mechanics.","Do not copy signature diegetic metaphors where they reduce clarity or imply unavailable Seven data.","experimental;memory-reconstruction;experimental-narrative"
"RPG-A-235","Suzerain","PC / Console","https://store.steampowered.com/search/?term=Suzerain","branch visualization","experimental narrative","variable","contextual / nonstandard","Demonstrates that persistent narrative state can feel diegetic rather than administrative.","Novel interactions may have poor discoverability and accessibility if copied literally.","5","3","4","5","Borrow the information architecture concept, not the visual gimmick; preserve familiar back/search/focus mechanics.","Do not copy signature diegetic metaphors where they reduce clarity or imply unavailable Seven data.","experimental;branch-visualization;experimental-narrative"
"RPG-A-236","80 Days","PC / Console","https://store.steampowered.com/search/?term=80%20Days","semantic archive","experimental narrative","variable","contextual / nonstandard","Demonstrates that persistent narrative state can feel diegetic rather than administrative.","Novel interactions may have poor discoverability and accessibility if copied literally.","5","3","4","5","Borrow the information architecture concept, not the visual gimmick; preserve familiar back/search/focus mechanics.","Do not copy signature diegetic metaphors where they reduce clarity or imply unavailable Seven data.","experimental;semantic-archive;experimental-narrative"
"RPG-A-237","Fallen London","PC / Console","https://www.fallenlondon.com/","diegetic narrative layer","experimental narrative","variable","contextual / nonstandard","Demonstrates that persistent narrative state can feel diegetic rather than administrative.","Novel interactions may have poor discoverability and accessibility if copied literally.","5","3","4","5","Borrow the information architecture concept, not the visual gimmick; preserve familiar back/search/focus mechanics.","Do not copy signature diegetic metaphors where they reduce clarity or imply unavailable Seven data.","experimental;diegetic-narrative-layer;experimental-narrative"
"RPG-A-238","Choice of Games","PC / Console","https://www.choiceofgames.com/","evidence board","experimental narrative","variable","contextual / nonstandard","Demonstrates that persistent narrative state can feel diegetic rather than administrative.","Novel interactions may have poor discoverability and accessibility if copied literally.","5","3","4","5","Borrow the information architecture concept, not the visual gimmick; preserve familiar back/search/focus mechanics.","Do not copy signature diegetic metaphors where they reduce clarity or imply unavailable Seven data.","experimental;evidence-board;experimental-narrative"
"RPG-A-239","Slay the Princess","PC / Console","https://store.steampowered.com/search/?term=Slay%20the%20Princess","text-first world view","experimental narrative","variable","contextual / nonstandard","Demonstrates that persistent narrative state can feel diegetic rather than administrative.","Novel interactions may have poor discoverability and accessibility if copied literally.","5","3","4","5","Borrow the information architecture concept, not the visual gimmick; preserve familiar back/search/focus mechanics.","Do not copy signature diegetic metaphors where they reduce clarity or imply unavailable Seven data.","experimental;text-first-world-view;experimental-narrative"
"RPG-A-240","Scarlet Hollow","PC / Console","https://store.steampowered.com/search/?term=Scarlet%20Hollow","memory reconstruction","experimental narrative","variable","contextual / nonstandard","Demonstrates that persistent narrative state can feel diegetic rather than administrative.","Novel interactions may have poor discoverability and accessibility if copied literally.","5","3","4","5","Borrow the information architecture concept, not the visual gimmick; preserve familiar back/search/focus mechanics.","Do not copy signature diegetic metaphors where they reduce clarity or imply unavailable Seven data.","experimental;memory-reconstruction;experimental-narrative"
"RPG-A-241","Orwell","PC / Console","https://store.steampowered.com/search/?term=Orwell","branch visualization","experimental narrative","variable","contextual / nonstandard","Demonstrates that persistent narrative state can feel diegetic rather than administrative.","Novel interactions may have poor discoverability and accessibility if copied literally.","5","3","4","5","Borrow the information architecture concept, not the visual gimmick; preserve familiar back/search/focus mechanics.","Do not copy signature diegetic metaphors where they reduce clarity or imply unavailable Seven data.","experimental;branch-visualization;experimental-narrative"
"RPG-A-242","Heaven's Vault","PC / Console","https://store.steampowered.com/search/?term=Heavens%20Vault","semantic archive","experimental narrative","variable","contextual / nonstandard","Demonstrates that persistent narrative state can feel diegetic rather than administrative.","Novel interactions may have poor discoverability and accessibility if copied literally.","5","3","4","5","Borrow the information architecture concept, not the visual gimmick; preserve familiar back/search/focus mechanics.","Do not copy signature diegetic metaphors where they reduce clarity or imply unavailable Seven data.","experimental;semantic-archive;experimental-narrative"
"RPG-A-243","Outer Wilds","PC / Console","https://store.steampowered.com/search/?term=Outer%20Wilds","diegetic narrative layer","experimental narrative","variable","contextual / nonstandard","Demonstrates that persistent narrative state can feel diegetic rather than administrative.","Novel interactions may have poor discoverability and accessibility if copied literally.","5","3","4","5","Borrow the information architecture concept, not the visual gimmick; preserve familiar back/search/focus mechanics.","Do not copy signature diegetic metaphors where they reduce clarity or imply unavailable Seven data.","experimental;diegetic-narrative-layer;experimental-narrative"
"RPG-A-244","Return of the Obra Dinn","PC / Console","https://store.steampowered.com/search/?term=Return%20of%20the%20Obra%20Dinn","evidence board","experimental narrative","variable","contextual / nonstandard","Demonstrates that persistent narrative state can feel diegetic rather than administrative.","Novel interactions may have poor discoverability and accessibility if copied literally.","5","3","4","5","Borrow the information architecture concept, not the visual gimmick; preserve familiar back/search/focus mechanics.","Do not copy signature diegetic metaphors where they reduce clarity or imply unavailable Seven data.","experimental;evidence-board;experimental-narrative"
"RPG-A-245","Her Story","PC / Console","https://store.steampowered.com/search/?term=Her%20Story","text-first world view","experimental narrative","variable","contextual / nonstandard","Demonstrates that persistent narrative state can feel diegetic rather than administrative.","Novel interactions may have poor discoverability and accessibility if copied literally.","5","3","4","5","Borrow the information architecture concept, not the visual gimmick; preserve familiar back/search/focus mechanics.","Do not copy signature diegetic metaphors where they reduce clarity or imply unavailable Seven data.","experimental;text-first-world-view;experimental-narrative"
"RPG-A-246","Disco Elysium","PC / Console","https://journals.sagepub.com/doi/10.1177/15554120221115396","memory reconstruction","experimental narrative","variable","contextual / nonstandard","Demonstrates that persistent narrative state can feel diegetic rather than administrative.","Novel interactions may have poor discoverability and accessibility if copied literally.","5","3","4","5","Borrow the information architecture concept, not the visual gimmick; preserve familiar back/search/focus mechanics.","Do not copy signature diegetic metaphors where they reduce clarity or imply unavailable Seven data.","experimental;memory-reconstruction;experimental-narrative"
"RPG-A-247","Citizen Sleeper","PC / Console","https://store.steampowered.com/app/1578650/Citizen_Sleeper/","branch visualization","experimental narrative","variable","contextual / nonstandard","Demonstrates that persistent narrative state can feel diegetic rather than administrative.","Novel interactions may have poor discoverability and accessibility if copied literally.","5","3","4","5","Borrow the information architecture concept, not the visual gimmick; preserve familiar back/search/focus mechanics.","Do not copy signature diegetic metaphors where they reduce clarity or imply unavailable Seven data.","experimental;branch-visualization;experimental-narrative"
"RPG-A-248","Pentiment","PC / Console","https://www.neoseeker.com/pentiment/walkthrough/Act_I","semantic archive","experimental narrative","variable","contextual / nonstandard","Demonstrates that persistent narrative state can feel diegetic rather than administrative.","Novel interactions may have poor discoverability and accessibility if copied literally.","5","3","4","5","Borrow the information architecture concept, not the visual gimmick; preserve familiar back/search/focus mechanics.","Do not copy signature diegetic metaphors where they reduce clarity or imply unavailable Seven data.","experimental;semantic-archive;experimental-narrative"
"RPG-A-249","Roadwarden","PC / Console","https://store.steampowered.com/search/?term=Roadwarden","diegetic narrative layer","experimental narrative","variable","contextual / nonstandard","Demonstrates that persistent narrative state can feel diegetic rather than administrative.","Novel interactions may have poor discoverability and accessibility if copied literally.","5","3","4","5","Borrow the information architecture concept, not the visual gimmick; preserve familiar back/search/focus mechanics.","Do not copy signature diegetic metaphors where they reduce clarity or imply unavailable Seven data.","experimental;diegetic-narrative-layer;experimental-narrative"
"RPG-A-250","Suzerain","PC / Console","https://store.steampowered.com/search/?term=Suzerain","evidence board","experimental narrative","variable","contextual / nonstandard","Demonstrates that persistent narrative state can feel diegetic rather than administrative.","Novel interactions may have poor discoverability and accessibility if copied literally.","5","3","4","5","Borrow the information architecture concept, not the visual gimmick; preserve familiar back/search/focus mechanics.","Do not copy signature diegetic metaphors where they reduce clarity or imply unavailable Seven data.","experimental;evidence-board;experimental-narrative"
"RPG-A-251","80 Days","PC / Console","https://store.steampowered.com/search/?term=80%20Days","text-first world view","experimental narrative","variable","contextual / nonstandard","Demonstrates that persistent narrative state can feel diegetic rather than administrative.","Novel interactions may have poor discoverability and accessibility if copied literally.","5","3","4","5","Borrow the information architecture concept, not the visual gimmick; preserve familiar back/search/focus mechanics.","Do not copy signature diegetic metaphors where they reduce clarity or imply unavailable Seven data.","experimental;text-first-world-view;experimental-narrative"
"RPG-A-252","Fallen London","PC / Console","https://www.fallenlondon.com/","memory reconstruction","experimental narrative","variable","contextual / nonstandard","Demonstrates that persistent narrative state can feel diegetic rather than administrative.","Novel interactions may have poor discoverability and accessibility if copied literally.","5","3","4","5","Borrow the information architecture concept, not the visual gimmick; preserve familiar back/search/focus mechanics.","Do not copy signature diegetic metaphors where they reduce clarity or imply unavailable Seven data.","experimental;memory-reconstruction;experimental-narrative"
"RPG-A-253","Choice of Games","PC / Console","https://www.choiceofgames.com/","branch visualization","experimental narrative","variable","contextual / nonstandard","Demonstrates that persistent narrative state can feel diegetic rather than administrative.","Novel interactions may have poor discoverability and accessibility if copied literally.","5","3","4","5","Borrow the information architecture concept, not the visual gimmick; preserve familiar back/search/focus mechanics.","Do not copy signature diegetic metaphors where they reduce clarity or imply unavailable Seven data.","experimental;branch-visualization;experimental-narrative"
"RPG-A-254","Slay the Princess","PC / Console","https://store.steampowered.com/search/?term=Slay%20the%20Princess","semantic archive","experimental narrative","variable","contextual / nonstandard","Demonstrates that persistent narrative state can feel diegetic rather than administrative.","Novel interactions may have poor discoverability and accessibility if copied literally.","5","3","4","5","Borrow the information architecture concept, not the visual gimmick; preserve familiar back/search/focus mechanics.","Do not copy signature diegetic metaphors where they reduce clarity or imply unavailable Seven data.","experimental;semantic-archive;experimental-narrative"
"RPG-A-255","Scarlet Hollow","PC / Console","https://store.steampowered.com/search/?term=Scarlet%20Hollow","diegetic narrative layer","experimental narrative","variable","contextual / nonstandard","Demonstrates that persistent narrative state can feel diegetic rather than administrative.","Novel interactions may have poor discoverability and accessibility if copied literally.","5","3","4","5","Borrow the information architecture concept, not the visual gimmick; preserve familiar back/search/focus mechanics.","Do not copy signature diegetic metaphors where they reduce clarity or imply unavailable Seven data.","experimental;diegetic-narrative-layer;experimental-narrative"
"RPG-A-256","Orwell","PC / Console","https://store.steampowered.com/search/?term=Orwell","evidence board","experimental narrative","variable","contextual / nonstandard","Demonstrates that persistent narrative state can feel diegetic rather than administrative.","Novel interactions may have poor discoverability and accessibility if copied literally.","5","3","4","5","Borrow the information architecture concept, not the visual gimmick; preserve familiar back/search/focus mechanics.","Do not copy signature diegetic metaphors where they reduce clarity or imply unavailable Seven data.","experimental;evidence-board;experimental-narrative"
"RPG-A-257","Heaven's Vault","PC / Console","https://store.steampowered.com/search/?term=Heavens%20Vault","text-first world view","experimental narrative","variable","contextual / nonstandard","Demonstrates that persistent narrative state can feel diegetic rather than administrative.","Novel interactions may have poor discoverability and accessibility if copied literally.","5","3","4","5","Borrow the information architecture concept, not the visual gimmick; preserve familiar back/search/focus mechanics.","Do not copy signature diegetic metaphors where they reduce clarity or imply unavailable Seven data.","experimental;text-first-world-view;experimental-narrative"
"RPG-A-258","Outer Wilds","PC / Console","https://store.steampowered.com/search/?term=Outer%20Wilds","memory reconstruction","experimental narrative","variable","contextual / nonstandard","Demonstrates that persistent narrative state can feel diegetic rather than administrative.","Novel interactions may have poor discoverability and accessibility if copied literally.","5","3","4","5","Borrow the information architecture concept, not the visual gimmick; preserve familiar back/search/focus mechanics.","Do not copy signature diegetic metaphors where they reduce clarity or imply unavailable Seven data.","experimental;memory-reconstruction;experimental-narrative"
"RPG-A-259","Return of the Obra Dinn","PC / Console","https://store.steampowered.com/search/?term=Return%20of%20the%20Obra%20Dinn","branch visualization","experimental narrative","variable","contextual / nonstandard","Demonstrates that persistent narrative state can feel diegetic rather than administrative.","Novel interactions may have poor discoverability and accessibility if copied literally.","5","3","4","5","Borrow the information architecture concept, not the visual gimmick; preserve familiar back/search/focus mechanics.","Do not copy signature diegetic metaphors where they reduce clarity or imply unavailable Seven data.","experimental;branch-visualization;experimental-narrative"
"RPG-A-260","Her Story","PC / Console","https://store.steampowered.com/search/?term=Her%20Story","semantic archive","experimental narrative","variable","contextual / nonstandard","Demonstrates that persistent narrative state can feel diegetic rather than administrative.","Novel interactions may have poor discoverability and accessibility if copied literally.","5","3","4","5","Borrow the information architecture concept, not the visual gimmick; preserve familiar back/search/focus mechanics.","Do not copy signature diegetic metaphors where they reduce clarity or imply unavailable Seven data.","experimental;semantic-archive;experimental-narrative"