id,game/app,platform,source_url,surface,information_density,interaction_pattern,strengths,weaknesses,readability,mobile_adaptability,suitability_for_seven,visual_identity,what_to_extract,what_not_to_copy,tags
B001,Triangle Strategy,Switch,https://www.nintendo.com/us/whatsnew/tips-for-getting-started-with-triangle-strategy/,turn order — study 1,low,focus card,Fast hierarchy; active state and next decision are visually dominant.,Can become icon-heavy or obscure narrative context if always visible.,excellent,high,high-with-adaptation,Tactical Minimal,active-turn emphasis; 3–5 next actors; text-backed statuses; contextual actions,permanent full-screen HUD; tiny icon-only effects; decorative frames around every datum,battle;turn-order;mobile-first;seven-rpg
B002,Honkai: Star Rail,Mobile/PC/PS5,https://interfaceingame.com/games/honkai-star-rail/,active actor — study 1,medium,bottom sheet,Fast hierarchy; active state and next decision are visually dominant.,Can become icon-heavy or obscure narrative context if always visible.,good,medium,high,Royal Strategy,active-turn emphasis; 3–5 next actors; text-backed statuses; contextual actions,permanent full-screen HUD; tiny icon-only effects; decorative frames around every datum,battle;active-actor;mobile-first;seven-rpg
B003,XCOM 2,PC/Console,https://interfaceingame.com/games/xcom-2/,target preview — study 1,high,timeline,Fast hierarchy; active state and next decision are visually dominant.,Can become icon-heavy or obscure narrative context if always visible.,good,medium,high,Arcane Systems,active-turn emphasis; 3–5 next actors; text-backed statuses; contextual actions,permanent full-screen HUD; tiny icon-only effects; decorative frames around every datum,battle;target-preview;mobile-first;seven-rpg
B004,Slay the Spire,PC/Console/Mobile,https://interfaceingame.com/games/slay-the-spire/,skill chooser — study 1,low,progressive disclosure,Fast hierarchy; active state and next decision are visually dominant.,Can become icon-heavy or obscure narrative context if always visible.,good,high,high,Modern Fantasy HUD,active-turn emphasis; 3–5 next actors; text-backed statuses; contextual actions,permanent full-screen HUD; tiny icon-only effects; decorative frames around every datum,battle;skill-chooser;mobile-first;seven-rpg
B005,Monster Hunter: World,PC/Console,https://interfaceingame.com/games/monster-hunter-world/,resource visibility — study 1,medium,compact list,Fast hierarchy; active state and next decision are visually dominant.,Can become icon-heavy or obscure narrative context if always visible.,good,medium,high,Living World Dashboard,active-turn emphasis; 3–5 next actors; text-backed statuses; contextual actions,permanent full-screen HUD; tiny icon-only effects; decorative frames around every datum,battle;resource-visibility;mobile-first;seven-rpg
B006,Diablo IV,PC/Console,https://interfaceingame.com/games/diablo-iv-beta,status effects — study 1,high,layered map,Fast hierarchy; active state and next decision are visually dominant.,Can become icon-heavy or obscure narrative context if always visible.,excellent,medium,high,Clean JRPG Mobile,active-turn emphasis; 3–5 next actors; text-backed statuses; contextual actions,permanent full-screen HUD; tiny icon-only effects; decorative frames around every datum,battle;status-effects;mobile-first;seven-rpg
B007,Triangle Strategy,Switch,https://www.nintendo.com/us/whatsnew/tips-for-getting-started-with-triangle-strategy/,buff/debuff priority — study 1,low,context strip,Fast hierarchy; active state and next decision are visually dominant.,Can become icon-heavy or obscure narrative context if always visible.,good,high,high,Tactical Minimal,active-turn emphasis; 3–5 next actors; text-backed statuses; contextual actions,permanent full-screen HUD; tiny icon-only effects; decorative frames around every datum,battle;buff/debuff-priority;mobile-first;seven-rpg
B008,Honkai: Star Rail,Mobile/PC/PS5,https://interfaceingame.com/games/honkai-star-rail/,enemy intent — study 1,medium,split detail,Fast hierarchy; active state and next decision are visually dominant.,Can become icon-heavy or obscure narrative context if always visible.,good,medium,high-with-adaptation,Royal Strategy,active-turn emphasis; 3–5 next actors; text-backed statuses; contextual actions,permanent full-screen HUD; tiny icon-only effects; decorative frames around every datum,battle;enemy-intent;mobile-first;seven-rpg
B009,XCOM 2,PC/Console,https://interfaceingame.com/games/xcom-2/,combat log — study 1,high,focus card,Fast hierarchy; active state and next decision are visually dominant.,Can become icon-heavy or obscure narrative context if always visible.,good,medium,high,Arcane Systems,active-turn emphasis; 3–5 next actors; text-backed statuses; contextual actions,permanent full-screen HUD; tiny icon-only effects; decorative frames around every datum,battle;combat-log;mobile-first;seven-rpg
B010,Slay the Spire,PC/Console/Mobile,https://interfaceingame.com/games/slay-the-spire/,critical event — study 1,low,bottom sheet,Fast hierarchy; active state and next decision are visually dominant.,Can become icon-heavy or obscure narrative context if always visible.,good,high,high,Modern Fantasy HUD,active-turn emphasis; 3–5 next actors; text-backed statuses; contextual actions,permanent full-screen HUD; tiny icon-only effects; decorative frames around every datum,battle;critical-event;mobile-first;seven-rpg
B011,Monster Hunter: World,PC/Console,https://interfaceingame.com/games/monster-hunter-world/,disabled action — study 1,medium,timeline,Fast hierarchy; active state and next decision are visually dominant.,Can become icon-heavy or obscure narrative context if always visible.,excellent,medium,high,Living World Dashboard,active-turn emphasis; 3–5 next actors; text-backed statuses; contextual actions,permanent full-screen HUD; tiny icon-only effects; decorative frames around every datum,battle;disabled-action;mobile-first;seven-rpg
B012,Diablo IV,PC/Console,https://interfaceingame.com/games/diablo-iv-beta,target state — study 1,high,progressive disclosure,Fast hierarchy; active state and next decision are visually dominant.,Can become icon-heavy or obscure narrative context if always visible.,good,medium,high,Clean JRPG Mobile,active-turn emphasis; 3–5 next actors; text-backed statuses; contextual actions,permanent full-screen HUD; tiny icon-only effects; decorative frames around every datum,battle;target-state;mobile-first;seven-rpg
B013,Triangle Strategy,Switch,https://www.nintendo.com/us/whatsnew/tips-for-getting-started-with-triangle-strategy/,turn order — study 2,low,compact list,Fast hierarchy; active state and next decision are visually dominant.,Can become icon-heavy or obscure narrative context if always visible.,good,high,high,Tactical Minimal,active-turn emphasis; 3–5 next actors; text-backed statuses; contextual actions,permanent full-screen HUD; tiny icon-only effects; decorative frames around every datum,battle;turn-order;mobile-first;seven-rpg
B014,Honkai: Star Rail,Mobile/PC/PS5,https://interfaceingame.com/games/honkai-star-rail/,active actor — study 2,medium,layered map,Fast hierarchy; active state and next decision are visually dominant.,Can become icon-heavy or obscure narrative context if always visible.,good,medium,high,Royal Strategy,active-turn emphasis; 3–5 next actors; text-backed statuses; contextual actions,permanent full-screen HUD; tiny icon-only effects; decorative frames around every datum,battle;active-actor;mobile-first;seven-rpg
B015,XCOM 2,PC/Console,https://interfaceingame.com/games/xcom-2/,target preview — study 2,high,context strip,Fast hierarchy; active state and next decision are visually dominant.,Can become icon-heavy or obscure narrative context if always visible.,good,medium,high-with-adaptation,Arcane Systems,active-turn emphasis; 3–5 next actors; text-backed statuses; contextual actions,permanent full-screen HUD; tiny icon-only effects; decorative frames around every datum,battle;target-preview;mobile-first;seven-rpg
B016,Slay the Spire,PC/Console/Mobile,https://interfaceingame.com/games/slay-the-spire/,skill chooser — study 2,low,split detail,Fast hierarchy; active state and next decision are visually dominant.,Can become icon-heavy or obscure narrative context if always visible.,excellent,high,high,Modern Fantasy HUD,active-turn emphasis; 3–5 next actors; text-backed statuses; contextual actions,permanent full-screen HUD; tiny icon-only effects; decorative frames around every datum,battle;skill-chooser;mobile-first;seven-rpg
B017,Monster Hunter: World,PC/Console,https://interfaceingame.com/games/monster-hunter-world/,resource visibility — study 2,medium,focus card,Fast hierarchy; active state and next decision are visually dominant.,Can become icon-heavy or obscure narrative context if always visible.,good,medium,high,Living World Dashboard,active-turn emphasis; 3–5 next actors; text-backed statuses; contextual actions,permanent full-screen HUD; tiny icon-only effects; decorative frames around every datum,battle;resource-visibility;mobile-first;seven-rpg
B018,Diablo IV,PC/Console,https://interfaceingame.com/games/diablo-iv-beta,status effects — study 2,high,bottom sheet,Fast hierarchy; active state and next decision are visually dominant.,Can become icon-heavy or obscure narrative context if always visible.,good,medium,high,Clean JRPG Mobile,active-turn emphasis; 3–5 next actors; text-backed statuses; contextual actions,permanent full-screen HUD; tiny icon-only effects; decorative frames around every datum,battle;status-effects;mobile-first;seven-rpg
B019,Triangle Strategy,Switch,https://www.nintendo.com/us/whatsnew/tips-for-getting-started-with-triangle-strategy/,buff/debuff priority — study 2,low,timeline,Fast hierarchy; active state and next decision are visually dominant.,Can become icon-heavy or obscure narrative context if always visible.,good,high,high,Tactical Minimal,active-turn emphasis; 3–5 next actors; text-backed statuses; contextual actions,permanent full-screen HUD; tiny icon-only effects; decorative frames around every datum,battle;buff/debuff-priority;mobile-first;seven-rpg
B020,Honkai: Star Rail,Mobile/PC/PS5,https://interfaceingame.com/games/honkai-star-rail/,enemy intent — study 2,medium,progressive disclosure,Fast hierarchy; active state and next decision are visually dominant.,Can become icon-heavy or obscure narrative context if always visible.,good,medium,high,Royal Strategy,active-turn emphasis; 3–5 next actors; text-backed statuses; contextual actions,permanent full-screen HUD; tiny icon-only effects; decorative frames around every datum,battle;enemy-intent;mobile-first;seven-rpg
B021,XCOM 2,PC/Console,https://interfaceingame.com/games/xcom-2/,combat log — study 2,high,compact list,Fast hierarchy; active state and next decision are visually dominant.,Can become icon-heavy or obscure narrative context if always visible.,excellent,medium,high,Arcane Systems,active-turn emphasis; 3–5 next actors; text-backed statuses; contextual actions,permanent full-screen HUD; tiny icon-only effects; decorative frames around every datum,battle;combat-log;mobile-first;seven-rpg
B022,Slay the Spire,PC/Console/Mobile,https://interfaceingame.com/games/slay-the-spire/,critical event — study 2,low,layered map,Fast hierarchy; active state and next decision are visually dominant.,Can become icon-heavy or obscure narrative context if always visible.,good,high,high-with-adaptation,Modern Fantasy HUD,active-turn emphasis; 3–5 next actors; text-backed statuses; contextual actions,permanent full-screen HUD; tiny icon-only effects; decorative frames around every datum,battle;critical-event;mobile-first;seven-rpg
B023,Monster Hunter: World,PC/Console,https://interfaceingame.com/games/monster-hunter-world/,disabled action — study 2,medium,context strip,Fast hierarchy; active state and next decision are visually dominant.,Can become icon-heavy or obscure narrative context if always visible.,good,medium,high,Living World Dashboard,active-turn emphasis; 3–5 next actors; text-backed statuses; contextual actions,permanent full-screen HUD; tiny icon-only effects; decorative frames around every datum,battle;disabled-action;mobile-first;seven-rpg
B024,Diablo IV,PC/Console,https://interfaceingame.com/games/diablo-iv-beta,target state — study 2,high,split detail,Fast hierarchy; active state and next decision are visually dominant.,Can become icon-heavy or obscure narrative context if always visible.,good,medium,high,Clean JRPG Mobile,active-turn emphasis; 3–5 next actors; text-backed statuses; contextual actions,permanent full-screen HUD; tiny icon-only effects; decorative frames around every datum,battle;target-state;mobile-first;seven-rpg
B025,Triangle Strategy,Switch,https://www.nintendo.com/us/whatsnew/tips-for-getting-started-with-triangle-strategy/,turn order — study 3,low,focus card,Fast hierarchy; active state and next decision are visually dominant.,Can become icon-heavy or obscure narrative context if always visible.,good,high,high,Tactical Minimal,active-turn emphasis; 3–5 next actors; text-backed statuses; contextual actions,permanent full-screen HUD; tiny icon-only effects; decorative frames around every datum,battle;turn-order;mobile-first;seven-rpg
B026,Honkai: Star Rail,Mobile/PC/PS5,https://interfaceingame.com/games/honkai-star-rail/,active actor — study 3,medium,bottom sheet,Fast hierarchy; active state and next decision are visually dominant.,Can become icon-heavy or obscure narrative context if always visible.,excellent,medium,high,Royal Strategy,active-turn emphasis; 3–5 next actors; text-backed statuses; contextual actions,permanent full-screen HUD; tiny icon-only effects; decorative frames around every datum,battle;active-actor;mobile-first;seven-rpg
B027,XCOM 2,PC/Console,https://interfaceingame.com/games/xcom-2/,target preview — study 3,high,timeline,Fast hierarchy; active state and next decision are visually dominant.,Can become icon-heavy or obscure narrative context if always visible.,good,medium,high,Arcane Systems,active-turn emphasis; 3–5 next actors; text-backed statuses; contextual actions,permanent full-screen HUD; tiny icon-only effects; decorative frames around every datum,battle;target-preview;mobile-first;seven-rpg
B028,Slay the Spire,PC/Console/Mobile,https://interfaceingame.com/games/slay-the-spire/,skill chooser — study 3,low,progressive disclosure,Fast hierarchy; active state and next decision are visually dominant.,Can become icon-heavy or obscure narrative context if always visible.,good,high,high,Modern Fantasy HUD,active-turn emphasis; 3–5 next actors; text-backed statuses; contextual actions,permanent full-screen HUD; tiny icon-only effects; decorative frames around every datum,battle;skill-chooser;mobile-first;seven-rpg
B029,Monster Hunter: World,PC/Console,https://interfaceingame.com/games/monster-hunter-world/,resource visibility — study 3,medium,compact list,Fast hierarchy; active state and next decision are visually dominant.,Can become icon-heavy or obscure narrative context if always visible.,good,medium,high-with-adaptation,Living World Dashboard,active-turn emphasis; 3–5 next actors; text-backed statuses; contextual actions,permanent full-screen HUD; tiny icon-only effects; decorative frames around every datum,battle;resource-visibility;mobile-first;seven-rpg
B030,Diablo IV,PC/Console,https://interfaceingame.com/games/diablo-iv-beta,status effects — study 3,high,layered map,Fast hierarchy; active state and next decision are visually dominant.,Can become icon-heavy or obscure narrative context if always visible.,good,medium,high,Clean JRPG Mobile,active-turn emphasis; 3–5 next actors; text-backed statuses; contextual actions,permanent full-screen HUD; tiny icon-only effects; decorative frames around every datum,battle;status-effects;mobile-first;seven-rpg
B031,Triangle Strategy,Switch,https://www.nintendo.com/us/whatsnew/tips-for-getting-started-with-triangle-strategy/,buff/debuff priority — study 3,low,context strip,Fast hierarchy; active state and next decision are visually dominant.,Can become icon-heavy or obscure narrative context if always visible.,excellent,high,high,Tactical Minimal,active-turn emphasis; 3–5 next actors; text-backed statuses; contextual actions,permanent full-screen HUD; tiny icon-only effects; decorative frames around every datum,battle;buff/debuff-priority;mobile-first;seven-rpg
B032,Honkai: Star Rail,Mobile/PC/PS5,https://interfaceingame.com/games/honkai-star-rail/,enemy intent — study 3,medium,split detail,Fast hierarchy; active state and next decision are visually dominant.,Can become icon-heavy or obscure narrative context if always visible.,good,medium,high,Royal Strategy,active-turn emphasis; 3–5 next actors; text-backed statuses; contextual actions,permanent full-screen HUD; tiny icon-only effects; decorative frames around every datum,battle;enemy-intent;mobile-first;seven-rpg
B033,XCOM 2,PC/Console,https://interfaceingame.com/games/xcom-2/,combat log — study 3,high,focus card,Fast hierarchy; active state and next decision are visually dominant.,Can become icon-heavy or obscure narrative context if always visible.,good,medium,high,Arcane Systems,active-turn emphasis; 3–5 next actors; text-backed statuses; contextual actions,permanent full-screen HUD; tiny icon-only effects; decorative frames around every datum,battle;combat-log;mobile-first;seven-rpg
B034,Slay the Spire,PC/Console/Mobile,https://interfaceingame.com/games/slay-the-spire/,critical event — study 3,low,bottom sheet,Fast hierarchy; active state and next decision are visually dominant.,Can become icon-heavy or obscure narrative context if always visible.,good,high,high,Modern Fantasy HUD,active-turn emphasis; 3–5 next actors; text-backed statuses; contextual actions,permanent full-screen HUD; tiny icon-only effects; decorative frames around every datum,battle;critical-event;mobile-first;seven-rpg
B035,Monster Hunter: World,PC/Console,https://interfaceingame.com/games/monster-hunter-world/,disabled action — study 3,medium,timeline,Fast hierarchy; active state and next decision are visually dominant.,Can become icon-heavy or obscure narrative context if always visible.,good,medium,high,Living World Dashboard,active-turn emphasis; 3–5 next actors; text-backed statuses; contextual actions,permanent full-screen HUD; tiny icon-only effects; decorative frames around every datum,battle;disabled-action;mobile-first;seven-rpg
B036,Diablo IV,PC/Console,https://interfaceingame.com/games/diablo-iv-beta,target state — study 3,high,progressive disclosure,Fast hierarchy; active state and next decision are visually dominant.,Can become icon-heavy or obscure narrative context if always visible.,excellent,medium,high-with-adaptation,Clean JRPG Mobile,active-turn emphasis; 3–5 next actors; text-backed statuses; contextual actions,permanent full-screen HUD; tiny icon-only effects; decorative frames around every datum,battle;target-state;mobile-first;seven-rpg
B037,Triangle Strategy,Switch,https://www.nintendo.com/us/whatsnew/tips-for-getting-started-with-triangle-strategy/,turn order — study 4,low,compact list,Fast hierarchy; active state and next decision are visually dominant.,Can become icon-heavy or obscure narrative context if always visible.,good,high,high,Tactical Minimal,active-turn emphasis; 3–5 next actors; text-backed statuses; contextual actions,permanent full-screen HUD; tiny icon-only effects; decorative frames around every datum,battle;turn-order;mobile-first;seven-rpg
B038,Honkai: Star Rail,Mobile/PC/PS5,https://interfaceingame.com/games/honkai-star-rail/,active actor — study 4,medium,layered map,Fast hierarchy; active state and next decision are visually dominant.,Can become icon-heavy or obscure narrative context if always visible.,good,medium,high,Royal Strategy,active-turn emphasis; 3–5 next actors; text-backed statuses; contextual actions,permanent full-screen HUD; tiny icon-only effects; decorative frames around every datum,battle;active-actor;mobile-first;seven-rpg
B039,XCOM 2,PC/Console,https://interfaceingame.com/games/xcom-2/,target preview — study 4,high,context strip,Fast hierarchy; active state and next decision are visually dominant.,Can become icon-heavy or obscure narrative context if always visible.,good,medium,high,Arcane Systems,active-turn emphasis; 3–5 next actors; text-backed statuses; contextual actions,permanent full-screen HUD; tiny icon-only effects; decorative frames around every datum,battle;target-preview;mobile-first;seven-rpg
B040,Slay the Spire,PC/Console/Mobile,https://interfaceingame.com/games/slay-the-spire/,skill chooser — study 4,low,split detail,Fast hierarchy; active state and next decision are visually dominant.,Can become icon-heavy or obscure narrative context if always visible.,good,high,high,Modern Fantasy HUD,active-turn emphasis; 3–5 next actors; text-backed statuses; contextual actions,permanent full-screen HUD; tiny icon-only effects; decorative frames around every datum,battle;skill-chooser;mobile-first;seven-rpg
B041,Monster Hunter: World,PC/Console,https://interfaceingame.com/games/monster-hunter-world/,resource visibility — study 4,medium,focus card,Fast hierarchy; active state and next decision are visually dominant.,Can become icon-heavy or obscure narrative context if always visible.,excellent,medium,high,Living World Dashboard,active-turn emphasis; 3–5 next actors; text-backed statuses; contextual actions,permanent full-screen HUD; tiny icon-only effects; decorative frames around every datum,battle;resource-visibility;mobile-first;seven-rpg
B042,Diablo IV,PC/Console,https://interfaceingame.com/games/diablo-iv-beta,status effects — study 4,high,bottom sheet,Fast hierarchy; active state and next decision are visually dominant.,Can become icon-heavy or obscure narrative context if always visible.,good,medium,high,Clean JRPG Mobile,active-turn emphasis; 3–5 next actors; text-backed statuses; contextual actions,permanent full-screen HUD; tiny icon-only effects; decorative frames around every datum,battle;status-effects;mobile-first;seven-rpg
B043,Triangle Strategy,Switch,https://www.nintendo.com/us/whatsnew/tips-for-getting-started-with-triangle-strategy/,buff/debuff priority — study 4,low,timeline,Fast hierarchy; active state and next decision are visually dominant.,Can become icon-heavy or obscure narrative context if always visible.,good,high,high-with-adaptation,Tactical Minimal,active-turn emphasis; 3–5 next actors; text-backed statuses; contextual actions,permanent full-screen HUD; tiny icon-only effects; decorative frames around every datum,battle;buff/debuff-priority;mobile-first;seven-rpg
B044,Honkai: Star Rail,Mobile/PC/PS5,https://interfaceingame.com/games/honkai-star-rail/,enemy intent — study 4,medium,progressive disclosure,Fast hierarchy; active state and next decision are visually dominant.,Can become icon-heavy or obscure narrative context if always visible.,good,medium,high,Royal Strategy,active-turn emphasis; 3–5 next actors; text-backed statuses; contextual actions,permanent full-screen HUD; tiny icon-only effects; decorative frames around every datum,battle;enemy-intent;mobile-first;seven-rpg
B045,XCOM 2,PC/Console,https://interfaceingame.com/games/xcom-2/,combat log — study 4,high,compact list,Fast hierarchy; active state and next decision are visually dominant.,Can become icon-heavy or obscure narrative context if always visible.,good,medium,high,Arcane Systems,active-turn emphasis; 3–5 next actors; text-backed statuses; contextual actions,permanent full-screen HUD; tiny icon-only effects; decorative frames around every datum,battle;combat-log;mobile-first;seven-rpg
B046,Slay the Spire,PC/Console/Mobile,https://interfaceingame.com/games/slay-the-spire/,critical event — study 4,low,layered map,Fast hierarchy; active state and next decision are visually dominant.,Can become icon-heavy or obscure narrative context if always visible.,excellent,high,high,Modern Fantasy HUD,active-turn emphasis; 3–5 next actors; text-backed statuses; contextual actions,permanent full-screen HUD; tiny icon-only effects; decorative frames around every datum,battle;critical-event;mobile-first;seven-rpg
B047,Monster Hunter: World,PC/Console,https://interfaceingame.com/games/monster-hunter-world/,disabled action — study 4,medium,context strip,Fast hierarchy; active state and next decision are visually dominant.,Can become icon-heavy or obscure narrative context if always visible.,good,medium,high,Living World Dashboard,active-turn emphasis; 3–5 next actors; text-backed statuses; contextual actions,permanent full-screen HUD; tiny icon-only effects; decorative frames around every datum,battle;disabled-action;mobile-first;seven-rpg
B048,Diablo IV,PC/Console,https://interfaceingame.com/games/diablo-iv-beta,target state — study 4,high,split detail,Fast hierarchy; active state and next decision are visually dominant.,Can become icon-heavy or obscure narrative context if always visible.,good,medium,high,Clean JRPG Mobile,active-turn emphasis; 3–5 next actors; text-backed statuses; contextual actions,permanent full-screen HUD; tiny icon-only effects; decorative frames around every datum,battle;target-state;mobile-first;seven-rpg
B049,Triangle Strategy,Switch,https://www.nintendo.com/us/whatsnew/tips-for-getting-started-with-triangle-strategy/,turn order — study 5,low,focus card,Fast hierarchy; active state and next decision are visually dominant.,Can become icon-heavy or obscure narrative context if always visible.,good,high,high,Tactical Minimal,active-turn emphasis; 3–5 next actors; text-backed statuses; contextual actions,permanent full-screen HUD; tiny icon-only effects; decorative frames around every datum,battle;turn-order;mobile-first;seven-rpg
B050,Honkai: Star Rail,Mobile/PC/PS5,https://interfaceingame.com/games/honkai-star-rail/,active actor — study 5,medium,bottom sheet,Fast hierarchy; active state and next decision are visually dominant.,Can become icon-heavy or obscure narrative context if always visible.,good,medium,high-with-adaptation,Royal Strategy,active-turn emphasis; 3–5 next actors; text-backed statuses; contextual actions,permanent full-screen HUD; tiny icon-only effects; decorative frames around every datum,battle;active-actor;mobile-first;seven-rpg
B051,XCOM 2,PC/Console,https://interfaceingame.com/games/xcom-2/,target preview — study 5,high,timeline,Fast hierarchy; active state and next decision are visually dominant.,Can become icon-heavy or obscure narrative context if always visible.,excellent,medium,high,Arcane Systems,active-turn emphasis; 3–5 next actors; text-backed statuses; contextual actions,permanent full-screen HUD; tiny icon-only effects; decorative frames around every datum,battle;target-preview;mobile-first;seven-rpg
B052,Slay the Spire,PC/Console/Mobile,https://interfaceingame.com/games/slay-the-spire/,skill chooser — study 5,low,progressive disclosure,Fast hierarchy; active state and next decision are visually dominant.,Can become icon-heavy or obscure narrative context if always visible.,good,high,high,Modern Fantasy HUD,active-turn emphasis; 3–5 next actors; text-backed statuses; contextual actions,permanent full-screen HUD; tiny icon-only effects; decorative frames around every datum,battle;skill-chooser;mobile-first;seven-rpg
B053,Monster Hunter: World,PC/Console,https://interfaceingame.com/games/monster-hunter-world/,resource visibility — study 5,medium,compact list,Fast hierarchy; active state and next decision are visually dominant.,Can become icon-heavy or obscure narrative context if always visible.,good,medium,high,Living World Dashboard,active-turn emphasis; 3–5 next actors; text-backed statuses; contextual actions,permanent full-screen HUD; tiny icon-only effects; decorative frames around every datum,battle;resource-visibility;mobile-first;seven-rpg
B054,Diablo IV,PC/Console,https://interfaceingame.com/games/diablo-iv-beta,status effects — study 5,high,layered map,Fast hierarchy; active state and next decision are visually dominant.,Can become icon-heavy or obscure narrative context if always visible.,good,medium,high,Clean JRPG Mobile,active-turn emphasis; 3–5 next actors; text-backed statuses; contextual actions,permanent full-screen HUD; tiny icon-only effects; decorative frames around every datum,battle;status-effects;mobile-first;seven-rpg
B055,Triangle Strategy,Switch,https://www.nintendo.com/us/whatsnew/tips-for-getting-started-with-triangle-strategy/,buff/debuff priority — study 5,low,context strip,Fast hierarchy; active state and next decision are visually dominant.,Can become icon-heavy or obscure narrative context if always visible.,good,high,high,Tactical Minimal,active-turn emphasis; 3–5 next actors; text-backed statuses; contextual actions,permanent full-screen HUD; tiny icon-only effects; decorative frames around every datum,battle;buff/debuff-priority;mobile-first;seven-rpg
B056,Honkai: Star Rail,Mobile/PC/PS5,https://interfaceingame.com/games/honkai-star-rail/,enemy intent — study 5,medium,split detail,Fast hierarchy; active state and next decision are visually dominant.,Can become icon-heavy or obscure narrative context if always visible.,excellent,medium,high,Royal Strategy,active-turn emphasis; 3–5 next actors; text-backed statuses; contextual actions,permanent full-screen HUD; tiny icon-only effects; decorative frames around every datum,battle;enemy-intent;mobile-first;seven-rpg
B057,XCOM 2,PC/Console,https://interfaceingame.com/games/xcom-2/,combat log — study 5,high,focus card,Fast hierarchy; active state and next decision are visually dominant.,Can become icon-heavy or obscure narrative context if always visible.,good,medium,high-with-adaptation,Arcane Systems,active-turn emphasis; 3–5 next actors; text-backed statuses; contextual actions,permanent full-screen HUD; tiny icon-only effects; decorative frames around every datum,battle;combat-log;mobile-first;seven-rpg
B058,Slay the Spire,PC/Console/Mobile,https://interfaceingame.com/games/slay-the-spire/,critical event — study 5,low,bottom sheet,Fast hierarchy; active state and next decision are visually dominant.,Can become icon-heavy or obscure narrative context if always visible.,good,high,high,Modern Fantasy HUD,active-turn emphasis; 3–5 next actors; text-backed statuses; contextual actions,permanent full-screen HUD; tiny icon-only effects; decorative frames around every datum,battle;critical-event;mobile-first;seven-rpg
B059,Monster Hunter: World,PC/Console,https://interfaceingame.com/games/monster-hunter-world/,disabled action — study 5,medium,timeline,Fast hierarchy; active state and next decision are visually dominant.,Can become icon-heavy or obscure narrative context if always visible.,good,medium,high,Living World Dashboard,active-turn emphasis; 3–5 next actors; text-backed statuses; contextual actions,permanent full-screen HUD; tiny icon-only effects; decorative frames around every datum,battle;disabled-action;mobile-first;seven-rpg
B060,Diablo IV,PC/Console,https://interfaceingame.com/games/diablo-iv-beta,target state — study 5,high,progressive disclosure,Fast hierarchy; active state and next decision are visually dominant.,Can become icon-heavy or obscure narrative context if always visible.,good,medium,high,Clean JRPG Mobile,active-turn emphasis; 3–5 next actors; text-backed statuses; contextual actions,permanent full-screen HUD; tiny icon-only effects; decorative frames around every datum,battle;target-state;mobile-first;seven-rpg
P001,XCOM 2,PC/Console,https://interfaceingame.com/games/xcom-2/,ability list — study 1,high,split detail,Makes growth legible through grouped milestones and explicit locked/unlocked states.,Large trees can become unusable on narrow screens without category folding.,excellent,high,high-with-adaptation,Arcane Systems,category-first navigation; node state; requirements next to action; compact milestone feedback,giant desktop-only constellation; dozens of equally weighted nodes,progression;ability-list;mobile-first;seven-rpg
P002,Honkai: Star Rail,Mobile/PC/PS5,https://interfaceingame.com/games/honkai-star-rail/,skill tree — study 1,low,focus card,Makes growth legible through grouped milestones and explicit locked/unlocked states.,Large trees can become unusable on narrow screens without category folding.,good,medium,high,Modern Fantasy HUD,category-first navigation; node state; requirements next to action; compact milestone feedback,giant desktop-only constellation; dozens of equally weighted nodes,progression;skill-tree;mobile-first;seven-rpg
P003,Genshin Impact Mobile,Mobile,https://interfaceingame.com/games/genshin-impact-mobile,class presentation — study 1,medium,bottom sheet,Makes growth legible through grouped milestones and explicit locked/unlocked states.,Large trees can become unusable on narrow screens without category folding.,good,medium,high,Living World Dashboard,category-first navigation; node state; requirements next to action; compact milestone feedback,giant desktop-only constellation; dozens of equally weighted nodes,progression;class-presentation;mobile-first;seven-rpg
P004,Diablo IV,PC/Console,https://interfaceingame.com/games/diablo-iv-beta,role summary — study 1,high,timeline,Makes growth legible through grouped milestones and explicit locked/unlocked states.,Large trees can become unusable on narrow screens without category folding.,good,medium,high,Clean JRPG Mobile,category-first navigation; node state; requirements next to action; compact milestone feedback,giant desktop-only constellation; dozens of equally weighted nodes,progression;role-summary;mobile-first;seven-rpg
P005,Elden Ring,PC/Console,https://interfaceingame.com/games/elden-ring/,level-up — study 1,low,progressive disclosure,Makes growth legible through grouped milestones and explicit locked/unlocked states.,Large trees can become unusable on narrow screens without category folding.,good,high,high,Tactical Minimal,category-first navigation; node state; requirements next to action; compact milestone feedback,giant desktop-only constellation; dozens of equally weighted nodes,progression;level-up;mobile-first;seven-rpg
P006,Civilization VI,PC/Console/Mobile,https://interfaceingame.com/games/sid-meiers-civilization-vi/,unlock reveal — study 1,medium,compact list,Makes growth legible through grouped milestones and explicit locked/unlocked states.,Large trees can become unusable on narrow screens without category folding.,excellent,medium,high,Royal Strategy,category-first navigation; node state; requirements next to action; compact milestone feedback,giant desktop-only constellation; dozens of equally weighted nodes,progression;unlock-reveal;mobile-first;seven-rpg
P007,XCOM 2,PC/Console,https://interfaceingame.com/games/xcom-2/,milestone — study 1,high,layered map,Makes growth legible through grouped milestones and explicit locked/unlocked states.,Large trees can become unusable on narrow screens without category folding.,good,medium,high,Arcane Systems,category-first navigation; node state; requirements next to action; compact milestone feedback,giant desktop-only constellation; dozens of equally weighted nodes,progression;milestone;mobile-first;seven-rpg
P008,Honkai: Star Rail,Mobile/PC/PS5,https://interfaceingame.com/games/honkai-star-rail/,mastery path — study 1,low,context strip,Makes growth legible through grouped milestones and explicit locked/unlocked states.,Large trees can become unusable on narrow screens without category folding.,good,medium,high-with-adaptation,Modern Fantasy HUD,category-first navigation; node state; requirements next to action; compact milestone feedback,giant desktop-only constellation; dozens of equally weighted nodes,progression;mastery-path;mobile-first;seven-rpg
P009,Genshin Impact Mobile,Mobile,https://interfaceingame.com/games/genshin-impact-mobile,node details — study 1,medium,split detail,Makes growth legible through grouped milestones and explicit locked/unlocked states.,Large trees can become unusable on narrow screens without category folding.,good,high,high,Living World Dashboard,category-first navigation; node state; requirements next to action; compact milestone feedback,giant desktop-only constellation; dozens of equally weighted nodes,progression;node-details;mobile-first;seven-rpg
P010,Diablo IV,PC/Console,https://interfaceingame.com/games/diablo-iv-beta,progress overview — study 1,high,focus card,Makes growth legible through grouped milestones and explicit locked/unlocked states.,Large trees can become unusable on narrow screens without category folding.,good,medium,high,Clean JRPG Mobile,category-first navigation; node state; requirements next to action; compact milestone feedback,giant desktop-only constellation; dozens of equally weighted nodes,progression;progress-overview;mobile-first;seven-rpg
P011,Elden Ring,PC/Console,https://interfaceingame.com/games/elden-ring/,ability list — study 2,low,bottom sheet,Makes growth legible through grouped milestones and explicit locked/unlocked states.,Large trees can become unusable on narrow screens without category folding.,excellent,medium,high,Tactical Minimal,category-first navigation; node state; requirements next to action; compact milestone feedback,giant desktop-only constellation; dozens of equally weighted nodes,progression;ability-list;mobile-first;seven-rpg
P012,Civilization VI,PC/Console/Mobile,https://interfaceingame.com/games/sid-meiers-civilization-vi/,skill tree — study 2,medium,timeline,Makes growth legible through grouped milestones and explicit locked/unlocked states.,Large trees can become unusable on narrow screens without category folding.,good,medium,high,Royal Strategy,category-first navigation; node state; requirements next to action; compact milestone feedback,giant desktop-only constellation; dozens of equally weighted nodes,progression;skill-tree;mobile-first;seven-rpg
P013,XCOM 2,PC/Console,https://interfaceingame.com/games/xcom-2/,class presentation — study 2,high,progressive disclosure,Makes growth legible through grouped milestones and explicit locked/unlocked states.,Large trees can become unusable on narrow screens without category folding.,good,high,high,Arcane Systems,category-first navigation; node state; requirements next to action; compact milestone feedback,giant desktop-only constellation; dozens of equally weighted nodes,progression;class-presentation;mobile-first;seven-rpg
P014,Honkai: Star Rail,Mobile/PC/PS5,https://interfaceingame.com/games/honkai-star-rail/,role summary — study 2,low,compact list,Makes growth legible through grouped milestones and explicit locked/unlocked states.,Large trees can become unusable on narrow screens without category folding.,good,medium,high,Modern Fantasy HUD,category-first navigation; node state; requirements next to action; compact milestone feedback,giant desktop-only constellation; dozens of equally weighted nodes,progression;role-summary;mobile-first;seven-rpg
P015,Genshin Impact Mobile,Mobile,https://interfaceingame.com/games/genshin-impact-mobile,level-up — study 2,medium,layered map,Makes growth legible through grouped milestones and explicit locked/unlocked states.,Large trees can become unusable on narrow screens without category folding.,good,medium,high-with-adaptation,Living World Dashboard,category-first navigation; node state; requirements next to action; compact milestone feedback,giant desktop-only constellation; dozens of equally weighted nodes,progression;level-up;mobile-first;seven-rpg
P016,Diablo IV,PC/Console,https://interfaceingame.com/games/diablo-iv-beta,unlock reveal — study 2,high,context strip,Makes growth legible through grouped milestones and explicit locked/unlocked states.,Large trees can become unusable on narrow screens without category folding.,excellent,medium,high,Clean JRPG Mobile,category-first navigation; node state; requirements next to action; compact milestone feedback,giant desktop-only constellation; dozens of equally weighted nodes,progression;unlock-reveal;mobile-first;seven-rpg
P017,Elden Ring,PC/Console,https://interfaceingame.com/games/elden-ring/,milestone — study 2,low,split detail,Makes growth legible through grouped milestones and explicit locked/unlocked states.,Large trees can become unusable on narrow screens without category folding.,good,high,high,Tactical Minimal,category-first navigation; node state; requirements next to action; compact milestone feedback,giant desktop-only constellation; dozens of equally weighted nodes,progression;milestone;mobile-first;seven-rpg
P018,Civilization VI,PC/Console/Mobile,https://interfaceingame.com/games/sid-meiers-civilization-vi/,mastery path — study 2,medium,focus card,Makes growth legible through grouped milestones and explicit locked/unlocked states.,Large trees can become unusable on narrow screens without category folding.,good,medium,high,Royal Strategy,category-first navigation; node state; requirements next to action; compact milestone feedback,giant desktop-only constellation; dozens of equally weighted nodes,progression;mastery-path;mobile-first;seven-rpg
P019,XCOM 2,PC/Console,https://interfaceingame.com/games/xcom-2/,node details — study 2,high,bottom sheet,Makes growth legible through grouped milestones and explicit locked/unlocked states.,Large trees can become unusable on narrow screens without category folding.,good,medium,high,Arcane Systems,category-first navigation; node state; requirements next to action; compact milestone feedback,giant desktop-only constellation; dozens of equally weighted nodes,progression;node-details;mobile-first;seven-rpg
P020,Honkai: Star Rail,Mobile/PC/PS5,https://interfaceingame.com/games/honkai-star-rail/,progress overview — study 2,low,timeline,Makes growth legible through grouped milestones and explicit locked/unlocked states.,Large trees can become unusable on narrow screens without category folding.,good,medium,high,Modern Fantasy HUD,category-first navigation; node state; requirements next to action; compact milestone feedback,giant desktop-only constellation; dozens of equally weighted nodes,progression;progress-overview;mobile-first;seven-rpg
P021,Genshin Impact Mobile,Mobile,https://interfaceingame.com/games/genshin-impact-mobile,ability list — study 3,medium,progressive disclosure,Makes growth legible through grouped milestones and explicit locked/unlocked states.,Large trees can become unusable on narrow screens without category folding.,excellent,high,high,Living World Dashboard,category-first navigation; node state; requirements next to action; compact milestone feedback,giant desktop-only constellation; dozens of equally weighted nodes,progression;ability-list;mobile-first;seven-rpg
P022,Diablo IV,PC/Console,https://interfaceingame.com/games/diablo-iv-beta,skill tree — study 3,high,compact list,Makes growth legible through grouped milestones and explicit locked/unlocked states.,Large trees can become unusable on narrow screens without category folding.,good,medium,high-with-adaptation,Clean JRPG Mobile,category-first navigation; node state; requirements next to action; compact milestone feedback,giant desktop-only constellation; dozens of equally weighted nodes,progression;skill-tree;mobile-first;seven-rpg
P023,Elden Ring,PC/Console,https://interfaceingame.com/games/elden-ring/,class presentation — study 3,low,layered map,Makes growth legible through grouped milestones and explicit locked/unlocked states.,Large trees can become unusable on narrow screens without category folding.,good,medium,high,Tactical Minimal,category-first navigation; node state; requirements next to action; compact milestone feedback,giant desktop-only constellation; dozens of equally weighted nodes,progression;class-presentation;mobile-first;seven-rpg
P024,Civilization VI,PC/Console/Mobile,https://interfaceingame.com/games/sid-meiers-civilization-vi/,role summary — study 3,medium,context strip,Makes growth legible through grouped milestones and explicit locked/unlocked states.,Large trees can become unusable on narrow screens without category folding.,good,medium,high,Royal Strategy,category-first navigation; node state; requirements next to action; compact milestone feedback,giant desktop-only constellation; dozens of equally weighted nodes,progression;role-summary;mobile-first;seven-rpg
P025,XCOM 2,PC/Console,https://interfaceingame.com/games/xcom-2/,level-up — study 3,high,split detail,Makes growth legible through grouped milestones and explicit locked/unlocked states.,Large trees can become unusable on narrow screens without category folding.,good,high,high,Arcane Systems,category-first navigation; node state; requirements next to action; compact milestone feedback,giant desktop-only constellation; dozens of equally weighted nodes,progression;level-up;mobile-first;seven-rpg
P026,Honkai: Star Rail,Mobile/PC/PS5,https://interfaceingame.com/games/honkai-star-rail/,unlock reveal — study 3,low,focus card,Makes growth legible through grouped milestones and explicit locked/unlocked states.,Large trees can become unusable on narrow screens without category folding.,excellent,medium,high,Modern Fantasy HUD,category-first navigation; node state; requirements next to action; compact milestone feedback,giant desktop-only constellation; dozens of equally weighted nodes,progression;unlock-reveal;mobile-first;seven-rpg
P027,Genshin Impact Mobile,Mobile,https://interfaceingame.com/games/genshin-impact-mobile,milestone — study 3,medium,bottom sheet,Makes growth legible through grouped milestones and explicit locked/unlocked states.,Large trees can become unusable on narrow screens without category folding.,good,medium,high,Living World Dashboard,category-first navigation; node state; requirements next to action; compact milestone feedback,giant desktop-only constellation; dozens of equally weighted nodes,progression;milestone;mobile-first;seven-rpg
P028,Diablo IV,PC/Console,https://interfaceingame.com/games/diablo-iv-beta,mastery path — study 3,high,timeline,Makes growth legible through grouped milestones and explicit locked/unlocked states.,Large trees can become unusable on narrow screens without category folding.,good,medium,high,Clean JRPG Mobile,category-first navigation; node state; requirements next to action; compact milestone feedback,giant desktop-only constellation; dozens of equally weighted nodes,progression;mastery-path;mobile-first;seven-rpg
P029,Elden Ring,PC/Console,https://interfaceingame.com/games/elden-ring/,node details — study 3,low,progressive disclosure,Makes growth legible through grouped milestones and explicit locked/unlocked states.,Large trees can become unusable on narrow screens without category folding.,good,high,high-with-adaptation,Tactical Minimal,category-first navigation; node state; requirements next to action; compact milestone feedback,giant desktop-only constellation; dozens of equally weighted nodes,progression;node-details;mobile-first;seven-rpg
P030,Civilization VI,PC/Console/Mobile,https://interfaceingame.com/games/sid-meiers-civilization-vi/,progress overview — study 3,medium,compact list,Makes growth legible through grouped milestones and explicit locked/unlocked states.,Large trees can become unusable on narrow screens without category folding.,good,medium,high,Royal Strategy,category-first navigation; node state; requirements next to action; compact milestone feedback,giant desktop-only constellation; dozens of equally weighted nodes,progression;progress-overview;mobile-first;seven-rpg
P031,XCOM 2,PC/Console,https://interfaceingame.com/games/xcom-2/,ability list — study 4,high,layered map,Makes growth legible through grouped milestones and explicit locked/unlocked states.,Large trees can become unusable on narrow screens without category folding.,excellent,medium,high,Arcane Systems,category-first navigation; node state; requirements next to action; compact milestone feedback,giant desktop-only constellation; dozens of equally weighted nodes,progression;ability-list;mobile-first;seven-rpg
P032,Honkai: Star Rail,Mobile/PC/PS5,https://interfaceingame.com/games/honkai-star-rail/,skill tree — study 4,low,context strip,Makes growth legible through grouped milestones and explicit locked/unlocked states.,Large trees can become unusable on narrow screens without category folding.,good,medium,high,Modern Fantasy HUD,category-first navigation; node state; requirements next to action; compact milestone feedback,giant desktop-only constellation; dozens of equally weighted nodes,progression;skill-tree;mobile-first;seven-rpg
P033,Genshin Impact Mobile,Mobile,https://interfaceingame.com/games/genshin-impact-mobile,class presentation — study 4,medium,split detail,Makes growth legible through grouped milestones and explicit locked/unlocked states.,Large trees can become unusable on narrow screens without category folding.,good,high,high,Living World Dashboard,category-first navigation; node state; requirements next to action; compact milestone feedback,giant desktop-only constellation; dozens of equally weighted nodes,progression;class-presentation;mobile-first;seven-rpg
P034,Diablo IV,PC/Console,https://interfaceingame.com/games/diablo-iv-beta,role summary — study 4,high,focus card,Makes growth legible through grouped milestones and explicit locked/unlocked states.,Large trees can become unusable on narrow screens without category folding.,good,medium,high,Clean JRPG Mobile,category-first navigation; node state; requirements next to action; compact milestone feedback,giant desktop-only constellation; dozens of equally weighted nodes,progression;role-summary;mobile-first;seven-rpg
P035,Elden Ring,PC/Console,https://interfaceingame.com/games/elden-ring/,level-up — study 4,low,bottom sheet,Makes growth legible through grouped milestones and explicit locked/unlocked states.,Large trees can become unusable on narrow screens without category folding.,good,medium,high,Tactical Minimal,category-first navigation; node state; requirements next to action; compact milestone feedback,giant desktop-only constellation; dozens of equally weighted nodes,progression;level-up;mobile-first;seven-rpg
P036,Civilization VI,PC/Console/Mobile,https://interfaceingame.com/games/sid-meiers-civilization-vi/,unlock reveal — study 4,medium,timeline,Makes growth legible through grouped milestones and explicit locked/unlocked states.,Large trees can become unusable on narrow screens without category folding.,excellent,medium,high-with-adaptation,Royal Strategy,category-first navigation; node state; requirements next to action; compact milestone feedback,giant desktop-only constellation; dozens of equally weighted nodes,progression;unlock-reveal;mobile-first;seven-rpg
P037,XCOM 2,PC/Console,https://interfaceingame.com/games/xcom-2/,milestone — study 4,high,progressive disclosure,Makes growth legible through grouped milestones and explicit locked/unlocked states.,Large trees can become unusable on narrow screens without category folding.,good,high,high,Arcane Systems,category-first navigation; node state; requirements next to action; compact milestone feedback,giant desktop-only constellation; dozens of equally weighted nodes,progression;milestone;mobile-first;seven-rpg
P038,Honkai: Star Rail,Mobile/PC/PS5,https://interfaceingame.com/games/honkai-star-rail/,mastery path — study 4,low,compact list,Makes growth legible through grouped milestones and explicit locked/unlocked states.,Large trees can become unusable on narrow screens without category folding.,good,medium,high,Modern Fantasy HUD,category-first navigation; node state; requirements next to action; compact milestone feedback,giant desktop-only constellation; dozens of equally weighted nodes,progression;mastery-path;mobile-first;seven-rpg
P039,Genshin Impact Mobile,Mobile,https://interfaceingame.com/games/genshin-impact-mobile,node details — study 4,medium,layered map,Makes growth legible through grouped milestones and explicit locked/unlocked states.,Large trees can become unusable on narrow screens without category folding.,good,medium,high,Living World Dashboard,category-first navigation; node state; requirements next to action; compact milestone feedback,giant desktop-only constellation; dozens of equally weighted nodes,progression;node-details;mobile-first;seven-rpg
P040,Diablo IV,PC/Console,https://interfaceingame.com/games/diablo-iv-beta,progress overview — study 4,high,context strip,Makes growth legible through grouped milestones and explicit locked/unlocked states.,Large trees can become unusable on narrow screens without category folding.,good,medium,high,Clean JRPG Mobile,category-first navigation; node state; requirements next to action; compact milestone feedback,giant desktop-only constellation; dozens of equally weighted nodes,progression;progress-overview;mobile-first;seven-rpg
P041,Elden Ring,PC/Console,https://interfaceingame.com/games/elden-ring/,ability list — study 5,low,split detail,Makes growth legible through grouped milestones and explicit locked/unlocked states.,Large trees can become unusable on narrow screens without category folding.,excellent,high,high,Tactical Minimal,category-first navigation; node state; requirements next to action; compact milestone feedback,giant desktop-only constellation; dozens of equally weighted nodes,progression;ability-list;mobile-first;seven-rpg
P042,Civilization VI,PC/Console/Mobile,https://interfaceingame.com/games/sid-meiers-civilization-vi/,skill tree — study 5,medium,focus card,Makes growth legible through grouped milestones and explicit locked/unlocked states.,Large trees can become unusable on narrow screens without category folding.,good,medium,high,Royal Strategy,category-first navigation; node state; requirements next to action; compact milestone feedback,giant desktop-only constellation; dozens of equally weighted nodes,progression;skill-tree;mobile-first;seven-rpg
P043,XCOM 2,PC/Console,https://interfaceingame.com/games/xcom-2/,class presentation — study 5,high,bottom sheet,Makes growth legible through grouped milestones and explicit locked/unlocked states.,Large trees can become unusable on narrow screens without category folding.,good,medium,high-with-adaptation,Arcane Systems,category-first navigation; node state; requirements next to action; compact milestone feedback,giant desktop-only constellation; dozens of equally weighted nodes,progression;class-presentation;mobile-first;seven-rpg
P044,Honkai: Star Rail,Mobile/PC/PS5,https://interfaceingame.com/games/honkai-star-rail/,role summary — study 5,low,timeline,Makes growth legible through grouped milestones and explicit locked/unlocked states.,Large trees can become unusable on narrow screens without category folding.,good,medium,high,Modern Fantasy HUD,category-first navigation; node state; requirements next to action; compact milestone feedback,giant desktop-only constellation; dozens of equally weighted nodes,progression;role-summary;mobile-first;seven-rpg
P045,Genshin Impact Mobile,Mobile,https://interfaceingame.com/games/genshin-impact-mobile,level-up — study 5,medium,progressive disclosure,Makes growth legible through grouped milestones and explicit locked/unlocked states.,Large trees can become unusable on narrow screens without category folding.,good,high,high,Living World Dashboard,category-first navigation; node state; requirements next to action; compact milestone feedback,giant desktop-only constellation; dozens of equally weighted nodes,progression;level-up;mobile-first;seven-rpg
P046,Diablo IV,PC/Console,https://interfaceingame.com/games/diablo-iv-beta,unlock reveal — study 5,high,compact list,Makes growth legible through grouped milestones and explicit locked/unlocked states.,Large trees can become unusable on narrow screens without category folding.,excellent,medium,high,Clean JRPG Mobile,category-first navigation; node state; requirements next to action; compact milestone feedback,giant desktop-only constellation; dozens of equally weighted nodes,progression;unlock-reveal;mobile-first;seven-rpg
P047,Elden Ring,PC/Console,https://interfaceingame.com/games/elden-ring/,milestone — study 5,low,layered map,Makes growth legible through grouped milestones and explicit locked/unlocked states.,Large trees can become unusable on narrow screens without category folding.,good,medium,high,Tactical Minimal,category-first navigation; node state; requirements next to action; compact milestone feedback,giant desktop-only constellation; dozens of equally weighted nodes,progression;milestone;mobile-first;seven-rpg
P048,Civilization VI,PC/Console/Mobile,https://interfaceingame.com/games/sid-meiers-civilization-vi/,mastery path — study 5,medium,context strip,Makes growth legible through grouped milestones and explicit locked/unlocked states.,Large trees can become unusable on narrow screens without category folding.,good,medium,high,Royal Strategy,category-first navigation; node state; requirements next to action; compact milestone feedback,giant desktop-only constellation; dozens of equally weighted nodes,progression;mastery-path;mobile-first;seven-rpg
P049,XCOM 2,PC/Console,https://interfaceingame.com/games/xcom-2/,node details — study 5,high,split detail,Makes growth legible through grouped milestones and explicit locked/unlocked states.,Large trees can become unusable on narrow screens without category folding.,good,high,high,Arcane Systems,category-first navigation; node state; requirements next to action; compact milestone feedback,giant desktop-only constellation; dozens of equally weighted nodes,progression;node-details;mobile-first;seven-rpg
P050,Honkai: Star Rail,Mobile/PC/PS5,https://interfaceingame.com/games/honkai-star-rail/,progress overview — study 5,low,focus card,Makes growth legible through grouped milestones and explicit locked/unlocked states.,Large trees can become unusable on narrow screens without category folding.,good,medium,high-with-adaptation,Modern Fantasy HUD,category-first navigation; node state; requirements next to action; compact milestone feedback,giant desktop-only constellation; dozens of equally weighted nodes,progression;progress-overview;mobile-first;seven-rpg
I001,Monster Hunter: World,PC/Console,https://interfaceingame.com/games/monster-hunter-world/,inventory grid — study 1,low,bottom sheet,"Supports scanning, comparison and ownership without hiding item identity.",Dense grids degrade rapidly on 320–360px and with Arabic labels.,excellent,high,high-with-adaptation,Royal Strategy,2-column mobile or list mode; equipped marker; quantity; detail sheet; compare on demand,8-column phone grids; rarity colors as the only signal; fake recommendations,inventory;inventory-grid;mobile-first;seven-rpg
I002,Diablo IV,PC/Console,https://interfaceingame.com/games/diablo-iv-beta,inventory list — study 1,medium,timeline,"Supports scanning, comparison and ownership without hiding item identity.",Dense grids degrade rapidly on 320–360px and with Arabic labels.,good,medium,high,Arcane Systems,2-column mobile or list mode; equipped marker; quantity; detail sheet; compare on demand,8-column phone grids; rarity colors as the only signal; fake recommendations,inventory;inventory-list;mobile-first;seven-rpg
I003,The Witcher 3,PC/Console,https://interfaceingame.com/games/the-witcher-3-wild-hunt/,item details — study 1,high,progressive disclosure,"Supports scanning, comparison and ownership without hiding item identity.",Dense grids degrade rapidly on 320–360px and with Arabic labels.,good,medium,high,Modern Fantasy HUD,2-column mobile or list mode; equipped marker; quantity; detail sheet; compare on demand,8-column phone grids; rarity colors as the only signal; fake recommendations,inventory;item-details;mobile-first;seven-rpg
I004,Genshin Impact Mobile,Mobile,https://interfaceingame.com/games/genshin-impact-mobile,equipment — study 1,low,compact list,"Supports scanning, comparison and ownership without hiding item identity.",Dense grids degrade rapidly on 320–360px and with Arabic labels.,good,medium,high,Living World Dashboard,2-column mobile or list mode; equipped marker; quantity; detail sheet; compare on demand,8-column phone grids; rarity colors as the only signal; fake recommendations,inventory;equipment;mobile-first;seven-rpg
I005,Elden Ring,PC/Console,https://interfaceingame.com/games/elden-ring/,quick compare — study 1,medium,layered map,"Supports scanning, comparison and ownership without hiding item identity.",Dense grids degrade rapidly on 320–360px and with Arabic labels.,good,high,high,Clean JRPG Mobile,2-column mobile or list mode; equipped marker; quantity; detail sheet; compare on demand,8-column phone grids; rarity colors as the only signal; fake recommendations,inventory;quick-compare;mobile-first;seven-rpg
I006,Divinity: Original Sin II,PC/Console,https://gamefaqs.gamespot.com/pc/179840-divinity-original-sin-2/faqs/75285/gameplay-basics,loot — study 1,high,context strip,"Supports scanning, comparison and ownership without hiding item identity.",Dense grids degrade rapidly on 320–360px and with Arabic labels.,excellent,medium,high,Tactical Minimal,2-column mobile or list mode; equipped marker; quantity; detail sheet; compare on demand,8-column phone grids; rarity colors as the only signal; fake recommendations,inventory;loot;mobile-first;seven-rpg
I007,Monster Hunter: World,PC/Console,https://interfaceingame.com/games/monster-hunter-world/,rare reward — study 1,low,split detail,"Supports scanning, comparison and ownership without hiding item identity.",Dense grids degrade rapidly on 320–360px and with Arabic labels.,good,medium,high,Royal Strategy,2-column mobile or list mode; equipped marker; quantity; detail sheet; compare on demand,8-column phone grids; rarity colors as the only signal; fake recommendations,inventory;rare-reward;mobile-first;seven-rpg
I008,Diablo IV,PC/Console,https://interfaceingame.com/games/diablo-iv-beta,crafting — study 1,medium,focus card,"Supports scanning, comparison and ownership without hiding item identity.",Dense grids degrade rapidly on 320–360px and with Arabic labels.,good,medium,high-with-adaptation,Arcane Systems,2-column mobile or list mode; equipped marker; quantity; detail sheet; compare on demand,8-column phone grids; rarity colors as the only signal; fake recommendations,inventory;crafting;mobile-first;seven-rpg
I009,The Witcher 3,PC/Console,https://interfaceingame.com/games/the-witcher-3-wild-hunt/,shop buy/sell — study 1,high,bottom sheet,"Supports scanning, comparison and ownership without hiding item identity.",Dense grids degrade rapidly on 320–360px and with Arabic labels.,good,high,high,Modern Fantasy HUD,2-column mobile or list mode; equipped marker; quantity; detail sheet; compare on demand,8-column phone grids; rarity colors as the only signal; fake recommendations,inventory;shop-buy/sell;mobile-first;seven-rpg
I010,Genshin Impact Mobile,Mobile,https://interfaceingame.com/games/genshin-impact-mobile,currency clarity — study 1,low,timeline,"Supports scanning, comparison and ownership without hiding item identity.",Dense grids degrade rapidly on 320–360px and with Arabic labels.,good,medium,high,Living World Dashboard,2-column mobile or list mode; equipped marker; quantity; detail sheet; compare on demand,8-column phone grids; rarity colors as the only signal; fake recommendations,inventory;currency-clarity;mobile-first;seven-rpg
I011,Elden Ring,PC/Console,https://interfaceingame.com/games/elden-ring/,inventory grid — study 2,medium,progressive disclosure,"Supports scanning, comparison and ownership without hiding item identity.",Dense grids degrade rapidly on 320–360px and with Arabic labels.,excellent,medium,high,Clean JRPG Mobile,2-column mobile or list mode; equipped marker; quantity; detail sheet; compare on demand,8-column phone grids; rarity colors as the only signal; fake recommendations,inventory;inventory-grid;mobile-first;seven-rpg
I012,Divinity: Original Sin II,PC/Console,https://gamefaqs.gamespot.com/pc/179840-divinity-original-sin-2/faqs/75285/gameplay-basics,inventory list — study 2,high,compact list,"Supports scanning, comparison and ownership without hiding item identity.",Dense grids degrade rapidly on 320–360px and with Arabic labels.,good,medium,high,Tactical Minimal,2-column mobile or list mode; equipped marker; quantity; detail sheet; compare on demand,8-column phone grids; rarity colors as the only signal; fake recommendations,inventory;inventory-list;mobile-first;seven-rpg
I013,Monster Hunter: World,PC/Console,https://interfaceingame.com/games/monster-hunter-world/,item details — study 2,low,layered map,"Supports scanning, comparison and ownership without hiding item identity.",Dense grids degrade rapidly on 320–360px and with Arabic labels.,good,high,high,Royal Strategy,2-column mobile or list mode; equipped marker; quantity; detail sheet; compare on demand,8-column phone grids; rarity colors as the only signal; fake recommendations,inventory;item-details;mobile-first;seven-rpg
I014,Diablo IV,PC/Console,https://interfaceingame.com/games/diablo-iv-beta,equipment — study 2,medium,context strip,"Supports scanning, comparison and ownership without hiding item identity.",Dense grids degrade rapidly on 320–360px and with Arabic labels.,good,medium,high,Arcane Systems,2-column mobile or list mode; equipped marker; quantity; detail sheet; compare on demand,8-column phone grids; rarity colors as the only signal; fake recommendations,inventory;equipment;mobile-first;seven-rpg
I015,The Witcher 3,PC/Console,https://interfaceingame.com/games/the-witcher-3-wild-hunt/,quick compare — study 2,high,split detail,"Supports scanning, comparison and ownership without hiding item identity.",Dense grids degrade rapidly on 320–360px and with Arabic labels.,good,medium,high-with-adaptation,Modern Fantasy HUD,2-column mobile or list mode; equipped marker; quantity; detail sheet; compare on demand,8-column phone grids; rarity colors as the only signal; fake recommendations,inventory;quick-compare;mobile-first;seven-rpg
I016,Genshin Impact Mobile,Mobile,https://interfaceingame.com/games/genshin-impact-mobile,loot — study 2,low,focus card,"Supports scanning, comparison and ownership without hiding item identity.",Dense grids degrade rapidly on 320–360px and with Arabic labels.,excellent,medium,high,Living World Dashboard,2-column mobile or list mode; equipped marker; quantity; detail sheet; compare on demand,8-column phone grids; rarity colors as the only signal; fake recommendations,inventory;loot;mobile-first;seven-rpg
I017,Elden Ring,PC/Console,https://interfaceingame.com/games/elden-ring/,rare reward — study 2,medium,bottom sheet,"Supports scanning, comparison and ownership without hiding item identity.",Dense grids degrade rapidly on 320–360px and with Arabic labels.,good,high,high,Clean JRPG Mobile,2-column mobile or list mode; equipped marker; quantity; detail sheet; compare on demand,8-column phone grids; rarity colors as the only signal; fake recommendations,inventory;rare-reward;mobile-first;seven-rpg
I018,Divinity: Original Sin II,PC/Console,https://gamefaqs.gamespot.com/pc/179840-divinity-original-sin-2/faqs/75285/gameplay-basics,crafting — study 2,high,timeline,"Supports scanning, comparison and ownership without hiding item identity.",Dense grids degrade rapidly on 320–360px and with Arabic labels.,good,medium,high,Tactical Minimal,2-column mobile or list mode; equipped marker; quantity; detail sheet; compare on demand,8-column phone grids; rarity colors as the only signal; fake recommendations,inventory;crafting;mobile-first;seven-rpg
I019,Monster Hunter: World,PC/Console,https://interfaceingame.com/games/monster-hunter-world/,shop buy/sell — study 2,low,progressive disclosure,"Supports scanning, comparison and ownership without hiding item identity.",Dense grids degrade rapidly on 320–360px and with Arabic labels.,good,medium,high,Royal Strategy,2-column mobile or list mode; equipped marker; quantity; detail sheet; compare on demand,8-column phone grids; rarity colors as the only signal; fake recommendations,inventory;shop-buy/sell;mobile-first;seven-rpg
I020,Diablo IV,PC/Console,https://interfaceingame.com/games/diablo-iv-beta,currency clarity — study 2,medium,compact list,"Supports scanning, comparison and ownership without hiding item identity.",Dense grids degrade rapidly on 320–360px and with Arabic labels.,good,medium,high,Arcane Systems,2-column mobile or list mode; equipped marker; quantity; detail sheet; compare on demand,8-column phone grids; rarity colors as the only signal; fake recommendations,inventory;currency-clarity;mobile-first;seven-rpg
I021,The Witcher 3,PC/Console,https://interfaceingame.com/games/the-witcher-3-wild-hunt/,inventory grid — study 3,high,layered map,"Supports scanning, comparison and ownership without hiding item identity.",Dense grids degrade rapidly on 320–360px and with Arabic labels.,excellent,high,high,Modern Fantasy HUD,2-column mobile or list mode; equipped marker; quantity; detail sheet; compare on demand,8-column phone grids; rarity colors as the only signal; fake recommendations,inventory;inventory-grid;mobile-first;seven-rpg
I022,Genshin Impact Mobile,Mobile,https://interfaceingame.com/games/genshin-impact-mobile,inventory list — study 3,low,context strip,"Supports scanning, comparison and ownership without hiding item identity.",Dense grids degrade rapidly on 320–360px and with Arabic labels.,good,medium,high-with-adaptation,Living World Dashboard,2-column mobile or list mode; equipped marker; quantity; detail sheet; compare on demand,8-column phone grids; rarity colors as the only signal; fake recommendations,inventory;inventory-list;mobile-first;seven-rpg
I023,Elden Ring,PC/Console,https://interfaceingame.com/games/elden-ring/,item details — study 3,medium,split detail,"Supports scanning, comparison and ownership without hiding item identity.",Dense grids degrade rapidly on 320–360px and with Arabic labels.,good,medium,high,Clean JRPG Mobile,2-column mobile or list mode; equipped marker; quantity; detail sheet; compare on demand,8-column phone grids; rarity colors as the only signal; fake recommendations,inventory;item-details;mobile-first;seven-rpg
I024,Divinity: Original Sin II,PC/Console,https://gamefaqs.gamespot.com/pc/179840-divinity-original-sin-2/faqs/75285/gameplay-basics,equipment — study 3,high,focus card,"Supports scanning, comparison and ownership without hiding item identity.",Dense grids degrade rapidly on 320–360px and with Arabic labels.,good,medium,high,Tactical Minimal,2-column mobile or list mode; equipped marker; quantity; detail sheet; compare on demand,8-column phone grids; rarity colors as the only signal; fake recommendations,inventory;equipment;mobile-first;seven-rpg
I025,Monster Hunter: World,PC/Console,https://interfaceingame.com/games/monster-hunter-world/,quick compare — study 3,low,bottom sheet,"Supports scanning, comparison and ownership without hiding item identity.",Dense grids degrade rapidly on 320–360px and with Arabic labels.,good,high,high,Royal Strategy,2-column mobile or list mode; equipped marker; quantity; detail sheet; compare on demand,8-column phone grids; rarity colors as the only signal; fake recommendations,inventory;quick-compare;mobile-first;seven-rpg
I026,Diablo IV,PC/Console,https://interfaceingame.com/games/diablo-iv-beta,loot — study 3,medium,timeline,"Supports scanning, comparison and ownership without hiding item identity.",Dense grids degrade rapidly on 320–360px and with Arabic labels.,excellent,medium,high,Arcane Systems,2-column mobile or list mode; equipped marker; quantity; detail sheet; compare on demand,8-column phone grids; rarity colors as the only signal; fake recommendations,inventory;loot;mobile-first;seven-rpg
I027,The Witcher 3,PC/Console,https://interfaceingame.com/games/the-witcher-3-wild-hunt/,rare reward — study 3,high,progressive disclosure,"Supports scanning, comparison and ownership without hiding item identity.",Dense grids degrade rapidly on 320–360px and with Arabic labels.,good,medium,high,Modern Fantasy HUD,2-column mobile or list mode; equipped marker; quantity; detail sheet; compare on demand,8-column phone grids; rarity colors as the only signal; fake recommendations,inventory;rare-reward;mobile-first;seven-rpg
I028,Genshin Impact Mobile,Mobile,https://interfaceingame.com/games/genshin-impact-mobile,crafting — study 3,low,compact list,"Supports scanning, comparison and ownership without hiding item identity.",Dense grids degrade rapidly on 320–360px and with Arabic labels.,good,medium,high,Living World Dashboard,2-column mobile or list mode; equipped marker; quantity; detail sheet; compare on demand,8-column phone grids; rarity colors as the only signal; fake recommendations,inventory;crafting;mobile-first;seven-rpg
I029,Elden Ring,PC/Console,https://interfaceingame.com/games/elden-ring/,shop buy/sell — study 3,medium,layered map,"Supports scanning, comparison and ownership without hiding item identity.",Dense grids degrade rapidly on 320–360px and with Arabic labels.,good,high,high-with-adaptation,Clean JRPG Mobile,2-column mobile or list mode; equipped marker; quantity; detail sheet; compare on demand,8-column phone grids; rarity colors as the only signal; fake recommendations,inventory;shop-buy/sell;mobile-first;seven-rpg
I030,Divinity: Original Sin II,PC/Console,https://gamefaqs.gamespot.com/pc/179840-divinity-original-sin-2/faqs/75285/gameplay-basics,currency clarity — study 3,high,context strip,"Supports scanning, comparison and ownership without hiding item identity.",Dense grids degrade rapidly on 320–360px and with Arabic labels.,good,medium,high,Tactical Minimal,2-column mobile or list mode; equipped marker; quantity; detail sheet; compare on demand,8-column phone grids; rarity colors as the only signal; fake recommendations,inventory;currency-clarity;mobile-first;seven-rpg
I031,Monster Hunter: World,PC/Console,https://interfaceingame.com/games/monster-hunter-world/,inventory grid — study 4,low,split detail,"Supports scanning, comparison and ownership without hiding item identity.",Dense grids degrade rapidly on 320–360px and with Arabic labels.,excellent,medium,high,Royal Strategy,2-column mobile or list mode; equipped marker; quantity; detail sheet; compare on demand,8-column phone grids; rarity colors as the only signal; fake recommendations,inventory;inventory-grid;mobile-first;seven-rpg
I032,Diablo IV,PC/Console,https://interfaceingame.com/games/diablo-iv-beta,inventory list — study 4,medium,focus card,"Supports scanning, comparison and ownership without hiding item identity.",Dense grids degrade rapidly on 320–360px and with Arabic labels.,good,medium,high,Arcane Systems,2-column mobile or list mode; equipped marker; quantity; detail sheet; compare on demand,8-column phone grids; rarity colors as the only signal; fake recommendations,inventory;inventory-list;mobile-first;seven-rpg
I033,The Witcher 3,PC/Console,https://interfaceingame.com/games/the-witcher-3-wild-hunt/,item details — study 4,high,bottom sheet,"Supports scanning, comparison and ownership without hiding item identity.",Dense grids degrade rapidly on 320–360px and with Arabic labels.,good,high,high,Modern Fantasy HUD,2-column mobile or list mode; equipped marker; quantity; detail sheet; compare on demand,8-column phone grids; rarity colors as the only signal; fake recommendations,inventory;item-details;mobile-first;seven-rpg
I034,Genshin Impact Mobile,Mobile,https://interfaceingame.com/games/genshin-impact-mobile,equipment — study 4,low,timeline,"Supports scanning, comparison and ownership without hiding item identity.",Dense grids degrade rapidly on 320–360px and with Arabic labels.,good,medium,high,Living World Dashboard,2-column mobile or list mode; equipped marker; quantity; detail sheet; compare on demand,8-column phone grids; rarity colors as the only signal; fake recommendations,inventory;equipment;mobile-first;seven-rpg
I035,Elden Ring,PC/Console,https://interfaceingame.com/games/elden-ring/,quick compare — study 4,medium,progressive disclosure,"Supports scanning, comparison and ownership without hiding item identity.",Dense grids degrade rapidly on 320–360px and with Arabic labels.,good,medium,high,Clean JRPG Mobile,2-column mobile or list mode; equipped marker; quantity; detail sheet; compare on demand,8-column phone grids; rarity colors as the only signal; fake recommendations,inventory;quick-compare;mobile-first;seven-rpg
I036,Divinity: Original Sin II,PC/Console,https://gamefaqs.gamespot.com/pc/179840-divinity-original-sin-2/faqs/75285/gameplay-basics,loot — study 4,high,compact list,"Supports scanning, comparison and ownership without hiding item identity.",Dense grids degrade rapidly on 320–360px and with Arabic labels.,excellent,medium,high-with-adaptation,Tactical Minimal,2-column mobile or list mode; equipped marker; quantity; detail sheet; compare on demand,8-column phone grids; rarity colors as the only signal; fake recommendations,inventory;loot;mobile-first;seven-rpg
I037,Monster Hunter: World,PC/Console,https://interfaceingame.com/games/monster-hunter-world/,rare reward — study 4,low,layered map,"Supports scanning, comparison and ownership without hiding item identity.",Dense grids degrade rapidly on 320–360px and with Arabic labels.,good,high,high,Royal Strategy,2-column mobile or list mode; equipped marker; quantity; detail sheet; compare on demand,8-column phone grids; rarity colors as the only signal; fake recommendations,inventory;rare-reward;mobile-first;seven-rpg
I038,Diablo IV,PC/Console,https://interfaceingame.com/games/diablo-iv-beta,crafting — study 4,medium,context strip,"Supports scanning, comparison and ownership without hiding item identity.",Dense grids degrade rapidly on 320–360px and with Arabic labels.,good,medium,high,Arcane Systems,2-column mobile or list mode; equipped marker; quantity; detail sheet; compare on demand,8-column phone grids; rarity colors as the only signal; fake recommendations,inventory;crafting;mobile-first;seven-rpg
I039,The Witcher 3,PC/Console,https://interfaceingame.com/games/the-witcher-3-wild-hunt/,shop buy/sell — study 4,high,split detail,"Supports scanning, comparison and ownership without hiding item identity.",Dense grids degrade rapidly on 320–360px and with Arabic labels.,good,medium,high,Modern Fantasy HUD,2-column mobile or list mode; equipped marker; quantity; detail sheet; compare on demand,8-column phone grids; rarity colors as the only signal; fake recommendations,inventory;shop-buy/sell;mobile-first;seven-rpg
I040,Genshin Impact Mobile,Mobile,https://interfaceingame.com/games/genshin-impact-mobile,currency clarity — study 4,low,focus card,"Supports scanning, comparison and ownership without hiding item identity.",Dense grids degrade rapidly on 320–360px and with Arabic labels.,good,medium,high,Living World Dashboard,2-column mobile or list mode; equipped marker; quantity; detail sheet; compare on demand,8-column phone grids; rarity colors as the only signal; fake recommendations,inventory;currency-clarity;mobile-first;seven-rpg
I041,Elden Ring,PC/Console,https://interfaceingame.com/games/elden-ring/,inventory grid — study 5,medium,bottom sheet,"Supports scanning, comparison and ownership without hiding item identity.",Dense grids degrade rapidly on 320–360px and with Arabic labels.,excellent,high,high,Clean JRPG Mobile,2-column mobile or list mode; equipped marker; quantity; detail sheet; compare on demand,8-column phone grids; rarity colors as the only signal; fake recommendations,inventory;inventory-grid;mobile-first;seven-rpg
I042,Divinity: Original Sin II,PC/Console,https://gamefaqs.gamespot.com/pc/179840-divinity-original-sin-2/faqs/75285/gameplay-basics,inventory list — study 5,high,timeline,"Supports scanning, comparison and ownership without hiding item identity.",Dense grids degrade rapidly on 320–360px and with Arabic labels.,good,medium,high,Tactical Minimal,2-column mobile or list mode; equipped marker; quantity; detail sheet; compare on demand,8-column phone grids; rarity colors as the only signal; fake recommendations,inventory;inventory-list;mobile-first;seven-rpg
I043,Monster Hunter: World,PC/Console,https://interfaceingame.com/games/monster-hunter-world/,item details — study 5,low,progressive disclosure,"Supports scanning, comparison and ownership without hiding item identity.",Dense grids degrade rapidly on 320–360px and with Arabic labels.,good,medium,high-with-adaptation,Royal Strategy,2-column mobile or list mode; equipped marker; quantity; detail sheet; compare on demand,8-column phone grids; rarity colors as the only signal; fake recommendations,inventory;item-details;mobile-first;seven-rpg
I044,Diablo IV,PC/Console,https://interfaceingame.com/games/diablo-iv-beta,equipment — study 5,medium,compact list,"Supports scanning, comparison and ownership without hiding item identity.",Dense grids degrade rapidly on 320–360px and with Arabic labels.,good,medium,high,Arcane Systems,2-column mobile or list mode; equipped marker; quantity; detail sheet; compare on demand,8-column phone grids; rarity colors as the only signal; fake recommendations,inventory;equipment;mobile-first;seven-rpg
I045,The Witcher 3,PC/Console,https://interfaceingame.com/games/the-witcher-3-wild-hunt/,quick compare — study 5,high,layered map,"Supports scanning, comparison and ownership without hiding item identity.",Dense grids degrade rapidly on 320–360px and with Arabic labels.,good,high,high,Modern Fantasy HUD,2-column mobile or list mode; equipped marker; quantity; detail sheet; compare on demand,8-column phone grids; rarity colors as the only signal; fake recommendations,inventory;quick-compare;mobile-first;seven-rpg
I046,Genshin Impact Mobile,Mobile,https://interfaceingame.com/games/genshin-impact-mobile,loot — study 5,low,context strip,"Supports scanning, comparison and ownership without hiding item identity.",Dense grids degrade rapidly on 320–360px and with Arabic labels.,excellent,medium,high,Living World Dashboard,2-column mobile or list mode; equipped marker; quantity; detail sheet; compare on demand,8-column phone grids; rarity colors as the only signal; fake recommendations,inventory;loot;mobile-first;seven-rpg
I047,Elden Ring,PC/Console,https://interfaceingame.com/games/elden-ring/,rare reward — study 5,medium,split detail,"Supports scanning, comparison and ownership without hiding item identity.",Dense grids degrade rapidly on 320–360px and with Arabic labels.,good,medium,high,Clean JRPG Mobile,2-column mobile or list mode; equipped marker; quantity; detail sheet; compare on demand,8-column phone grids; rarity colors as the only signal; fake recommendations,inventory;rare-reward;mobile-first;seven-rpg
I048,Divinity: Original Sin II,PC/Console,https://gamefaqs.gamespot.com/pc/179840-divinity-original-sin-2/faqs/75285/gameplay-basics,crafting — study 5,high,focus card,"Supports scanning, comparison and ownership without hiding item identity.",Dense grids degrade rapidly on 320–360px and with Arabic labels.,good,medium,high,Tactical Minimal,2-column mobile or list mode; equipped marker; quantity; detail sheet; compare on demand,8-column phone grids; rarity colors as the only signal; fake recommendations,inventory;crafting;mobile-first;seven-rpg
I049,Monster Hunter: World,PC/Console,https://interfaceingame.com/games/monster-hunter-world/,shop buy/sell — study 5,low,bottom sheet,"Supports scanning, comparison and ownership without hiding item identity.",Dense grids degrade rapidly on 320–360px and with Arabic labels.,good,high,high,Royal Strategy,2-column mobile or list mode; equipped marker; quantity; detail sheet; compare on demand,8-column phone grids; rarity colors as the only signal; fake recommendations,inventory;shop-buy/sell;mobile-first;seven-rpg
I050,Diablo IV,PC/Console,https://interfaceingame.com/games/diablo-iv-beta,currency clarity — study 5,medium,timeline,"Supports scanning, comparison and ownership without hiding item identity.",Dense grids degrade rapidly on 320–360px and with Arabic labels.,good,medium,high-with-adaptation,Arcane Systems,2-column mobile or list mode; equipped marker; quantity; detail sheet; compare on demand,8-column phone grids; rarity colors as the only signal; fake recommendations,inventory;currency-clarity;mobile-first;seven-rpg
M001,The Witcher 3,PC/Console,https://interfaceingame.com/games/the-witcher-3-wild-hunt/,world map — study 1,low,split detail,"Answers current position, reachable destinations and important change with layered disclosure.",Overlays can compete for attention and make location priority unclear.,excellent,high,high-with-adaptation,Clean JRPG Mobile,current-location anchor; reachable/locked differentiation; change badges; tap-to-expand location details,every marker always visible; decorative cartography that obscures travel choices,map;world-map;mobile-first;seven-rpg
M002,Genshin Impact Mobile,Mobile,https://interfaceingame.com/games/genshin-impact-mobile,region map — study 1,medium,focus card,"Answers current position, reachable destinations and important change with layered disclosure.",Overlays can compete for attention and make location priority unclear.,good,medium,high,Tactical Minimal,current-location anchor; reachable/locked differentiation; change badges; tap-to-expand location details,every marker always visible; decorative cartography that obscures travel choices,map;region-map;mobile-first;seven-rpg
M003,Monster Hunter: World,PC/Console,https://interfaceingame.com/games/monster-hunter-world/,node map — study 1,high,bottom sheet,"Answers current position, reachable destinations and important change with layered disclosure.",Overlays can compete for attention and make location priority unclear.,good,medium,high,Royal Strategy,current-location anchor; reachable/locked differentiation; change badges; tap-to-expand location details,every marker always visible; decorative cartography that obscures travel choices,map;node-map;mobile-first;seven-rpg
M004,Slay the Spire,PC/Console/Mobile,https://interfaceingame.com/games/slay-the-spire/,location card — study 1,low,timeline,"Answers current position, reachable destinations and important change with layered disclosure.",Overlays can compete for attention and make location priority unclear.,good,medium,high,Arcane Systems,current-location anchor; reachable/locked differentiation; change badges; tap-to-expand location details,every marker always visible; decorative cartography that obscures travel choices,map;location-card;mobile-first;seven-rpg
M005,Honkai: Star Rail,Mobile/PC/PS5,https://interfaceingame.com/games/honkai-star-rail/,travel sheet — study 1,medium,progressive disclosure,"Answers current position, reachable destinations and important change with layered disclosure.",Overlays can compete for attention and make location priority unclear.,good,high,high,Modern Fantasy HUD,current-location anchor; reachable/locked differentiation; change badges; tap-to-expand location details,every marker always visible; decorative cartography that obscures travel choices,map;travel-sheet;mobile-first;seven-rpg
M006,Civilization VI,PC/Console/Mobile,https://interfaceingame.com/games/sid-meiers-civilization-vi/,route preview — study 1,high,compact list,"Answers current position, reachable destinations and important change with layered disclosure.",Overlays can compete for attention and make location priority unclear.,excellent,medium,high,Living World Dashboard,current-location anchor; reachable/locked differentiation; change badges; tap-to-expand location details,every marker always visible; decorative cartography that obscures travel choices,map;route-preview;mobile-first;seven-rpg
M007,The Witcher 3,PC/Console,https://interfaceingame.com/games/the-witcher-3-wild-hunt/,locked destination — study 1,low,layered map,"Answers current position, reachable destinations and important change with layered disclosure.",Overlays can compete for attention and make location priority unclear.,good,medium,high,Clean JRPG Mobile,current-location anchor; reachable/locked differentiation; change badges; tap-to-expand location details,every marker always visible; decorative cartography that obscures travel choices,map;locked-destination;mobile-first;seven-rpg
M008,Genshin Impact Mobile,Mobile,https://interfaceingame.com/games/genshin-impact-mobile,map filter — study 1,medium,context strip,"Answers current position, reachable destinations and important change with layered disclosure.",Overlays can compete for attention and make location priority unclear.,good,medium,high-with-adaptation,Tactical Minimal,current-location anchor; reachable/locked differentiation; change badges; tap-to-expand location details,every marker always visible; decorative cartography that obscures travel choices,map;map-filter;mobile-first;seven-rpg
M009,Monster Hunter: World,PC/Console,https://interfaceingame.com/games/monster-hunter-world/,current location — study 1,high,split detail,"Answers current position, reachable destinations and important change with layered disclosure.",Overlays can compete for attention and make location priority unclear.,good,high,high,Royal Strategy,current-location anchor; reachable/locked differentiation; change badges; tap-to-expand location details,every marker always visible; decorative cartography that obscures travel choices,map;current-location;mobile-first;seven-rpg
M010,Slay the Spire,PC/Console/Mobile,https://interfaceingame.com/games/slay-the-spire/,world alert — study 1,low,focus card,"Answers current position, reachable destinations and important change with layered disclosure.",Overlays can compete for attention and make location priority unclear.,good,medium,high,Arcane Systems,current-location anchor; reachable/locked differentiation; change badges; tap-to-expand location details,every marker always visible; decorative cartography that obscures travel choices,map;world-alert;mobile-first;seven-rpg
M011,Honkai: Star Rail,Mobile/PC/PS5,https://interfaceingame.com/games/honkai-star-rail/,world map — study 2,medium,bottom sheet,"Answers current position, reachable destinations and important change with layered disclosure.",Overlays can compete for attention and make location priority unclear.,excellent,medium,high,Modern Fantasy HUD,current-location anchor; reachable/locked differentiation; change badges; tap-to-expand location details,every marker always visible; decorative cartography that obscures travel choices,map;world-map;mobile-first;seven-rpg
M012,Civilization VI,PC/Console/Mobile,https://interfaceingame.com/games/sid-meiers-civilization-vi/,region map — study 2,high,timeline,"Answers current position, reachable destinations and important change with layered disclosure.",Overlays can compete for attention and make location priority unclear.,good,medium,high,Living World Dashboard,current-location anchor; reachable/locked differentiation; change badges; tap-to-expand location details,every marker always visible; decorative cartography that obscures travel choices,map;region-map;mobile-first;seven-rpg
M013,The Witcher 3,PC/Console,https://interfaceingame.com/games/the-witcher-3-wild-hunt/,node map — study 2,low,progressive disclosure,"Answers current position, reachable destinations and important change with layered disclosure.",Overlays can compete for attention and make location priority unclear.,good,high,high,Clean JRPG Mobile,current-location anchor; reachable/locked differentiation; change badges; tap-to-expand location details,every marker always visible; decorative cartography that obscures travel choices,map;node-map;mobile-first;seven-rpg
M014,Genshin Impact Mobile,Mobile,https://interfaceingame.com/games/genshin-impact-mobile,location card — study 2,medium,compact list,"Answers current position, reachable destinations and important change with layered disclosure.",Overlays can compete for attention and make location priority unclear.,good,medium,high,Tactical Minimal,current-location anchor; reachable/locked differentiation; change badges; tap-to-expand location details,every marker always visible; decorative cartography that obscures travel choices,map;location-card;mobile-first;seven-rpg
M015,Monster Hunter: World,PC/Console,https://interfaceingame.com/games/monster-hunter-world/,travel sheet — study 2,high,layered map,"Answers current position, reachable destinations and important change with layered disclosure.",Overlays can compete for attention and make location priority unclear.,good,medium,high-with-adaptation,Royal Strategy,current-location anchor; reachable/locked differentiation; change badges; tap-to-expand location details,every marker always visible; decorative cartography that obscures travel choices,map;travel-sheet;mobile-first;seven-rpg
M016,Slay the Spire,PC/Console/Mobile,https://interfaceingame.com/games/slay-the-spire/,route preview — study 2,low,context strip,"Answers current position, reachable destinations and important change with layered disclosure.",Overlays can compete for attention and make location priority unclear.,excellent,medium,high,Arcane Systems,current-location anchor; reachable/locked differentiation; change badges; tap-to-expand location details,every marker always visible; decorative cartography that obscures travel choices,map;route-preview;mobile-first;seven-rpg
M017,Honkai: Star Rail,Mobile/PC/PS5,https://interfaceingame.com/games/honkai-star-rail/,locked destination — study 2,medium,split detail,"Answers current position, reachable destinations and important change with layered disclosure.",Overlays can compete for attention and make location priority unclear.,good,high,high,Modern Fantasy HUD,current-location anchor; reachable/locked differentiation; change badges; tap-to-expand location details,every marker always visible; decorative cartography that obscures travel choices,map;locked-destination;mobile-first;seven-rpg
M018,Civilization VI,PC/Console/Mobile,https://interfaceingame.com/games/sid-meiers-civilization-vi/,map filter — study 2,high,focus card,"Answers current position, reachable destinations and important change with layered disclosure.",Overlays can compete for attention and make location priority unclear.,good,medium,high,Living World Dashboard,current-location anchor; reachable/locked differentiation; change badges; tap-to-expand location details,every marker always visible; decorative cartography that obscures travel choices,map;map-filter;mobile-first;seven-rpg
M019,The Witcher 3,PC/Console,https://interfaceingame.com/games/the-witcher-3-wild-hunt/,current location — study 2,low,bottom sheet,"Answers current position, reachable destinations and important change with layered disclosure.",Overlays can compete for attention and make location priority unclear.,good,medium,high,Clean JRPG Mobile,current-location anchor; reachable/locked differentiation; change badges; tap-to-expand location details,every marker always visible; decorative cartography that obscures travel choices,map;current-location;mobile-first;seven-rpg
M020,Genshin Impact Mobile,Mobile,https://interfaceingame.com/games/genshin-impact-mobile,world alert — study 2,medium,timeline,"Answers current position, reachable destinations and important change with layered disclosure.",Overlays can compete for attention and make location priority unclear.,good,medium,high,Tactical Minimal,current-location anchor; reachable/locked differentiation; change badges; tap-to-expand location details,every marker always visible; decorative cartography that obscures travel choices,map;world-alert;mobile-first;seven-rpg
M021,Monster Hunter: World,PC/Console,https://interfaceingame.com/games/monster-hunter-world/,world map — study 3,high,progressive disclosure,"Answers current position, reachable destinations and important change with layered disclosure.",Overlays can compete for attention and make location priority unclear.,excellent,high,high,Royal Strategy,current-location anchor; reachable/locked differentiation; change badges; tap-to-expand location details,every marker always visible; decorative cartography that obscures travel choices,map;world-map;mobile-first;seven-rpg
M022,Slay the Spire,PC/Console/Mobile,https://interfaceingame.com/games/slay-the-spire/,region map — study 3,low,compact list,"Answers current position, reachable destinations and important change with layered disclosure.",Overlays can compete for attention and make location priority unclear.,good,medium,high-with-adaptation,Arcane Systems,current-location anchor; reachable/locked differentiation; change badges; tap-to-expand location details,every marker always visible; decorative cartography that obscures travel choices,map;region-map;mobile-first;seven-rpg
M023,Honkai: Star Rail,Mobile/PC/PS5,https://interfaceingame.com/games/honkai-star-rail/,node map — study 3,medium,layered map,"Answers current position, reachable destinations and important change with layered disclosure.",Overlays can compete for attention and make location priority unclear.,good,medium,high,Modern Fantasy HUD,current-location anchor; reachable/locked differentiation; change badges; tap-to-expand location details,every marker always visible; decorative cartography that obscures travel choices,map;node-map;mobile-first;seven-rpg
M024,Civilization VI,PC/Console/Mobile,https://interfaceingame.com/games/sid-meiers-civilization-vi/,location card — study 3,high,context strip,"Answers current position, reachable destinations and important change with layered disclosure.",Overlays can compete for attention and make location priority unclear.,good,medium,high,Living World Dashboard,current-location anchor; reachable/locked differentiation; change badges; tap-to-expand location details,every marker always visible; decorative cartography that obscures travel choices,map;location-card;mobile-first;seven-rpg
M025,The Witcher 3,PC/Console,https://interfaceingame.com/games/the-witcher-3-wild-hunt/,travel sheet — study 3,low,split detail,"Answers current position, reachable destinations and important change with layered disclosure.",Overlays can compete for attention and make location priority unclear.,good,high,high,Clean JRPG Mobile,current-location anchor; reachable/locked differentiation; change badges; tap-to-expand location details,every marker always visible; decorative cartography that obscures travel choices,map;travel-sheet;mobile-first;seven-rpg
M026,Genshin Impact Mobile,Mobile,https://interfaceingame.com/games/genshin-impact-mobile,route preview — study 3,medium,focus card,"Answers current position, reachable destinations and important change with layered disclosure.",Overlays can compete for attention and make location priority unclear.,excellent,medium,high,Tactical Minimal,current-location anchor; reachable/locked differentiation; change badges; tap-to-expand location details,every marker always visible; decorative cartography that obscures travel choices,map;route-preview;mobile-first;seven-rpg
M027,Monster Hunter: World,PC/Console,https://interfaceingame.com/games/monster-hunter-world/,locked destination — study 3,high,bottom sheet,"Answers current position, reachable destinations and important change with layered disclosure.",Overlays can compete for attention and make location priority unclear.,good,medium,high,Royal Strategy,current-location anchor; reachable/locked differentiation; change badges; tap-to-expand location details,every marker always visible; decorative cartography that obscures travel choices,map;locked-destination;mobile-first;seven-rpg
M028,Slay the Spire,PC/Console/Mobile,https://interfaceingame.com/games/slay-the-spire/,map filter — study 3,low,timeline,"Answers current position, reachable destinations and important change with layered disclosure.",Overlays can compete for attention and make location priority unclear.,good,medium,high,Arcane Systems,current-location anchor; reachable/locked differentiation; change badges; tap-to-expand location details,every marker always visible; decorative cartography that obscures travel choices,map;map-filter;mobile-first;seven-rpg
M029,Honkai: Star Rail,Mobile/PC/PS5,https://interfaceingame.com/games/honkai-star-rail/,current location — study 3,medium,progressive disclosure,"Answers current position, reachable destinations and important change with layered disclosure.",Overlays can compete for attention and make location priority unclear.,good,high,high-with-adaptation,Modern Fantasy HUD,current-location anchor; reachable/locked differentiation; change badges; tap-to-expand location details,every marker always visible; decorative cartography that obscures travel choices,map;current-location;mobile-first;seven-rpg
M030,Civilization VI,PC/Console/Mobile,https://interfaceingame.com/games/sid-meiers-civilization-vi/,world alert — study 3,high,compact list,"Answers current position, reachable destinations and important change with layered disclosure.",Overlays can compete for attention and make location priority unclear.,good,medium,high,Living World Dashboard,current-location anchor; reachable/locked differentiation; change badges; tap-to-expand location details,every marker always visible; decorative cartography that obscures travel choices,map;world-alert;mobile-first;seven-rpg
M031,The Witcher 3,PC/Console,https://interfaceingame.com/games/the-witcher-3-wild-hunt/,world map — study 4,low,layered map,"Answers current position, reachable destinations and important change with layered disclosure.",Overlays can compete for attention and make location priority unclear.,excellent,medium,high,Clean JRPG Mobile,current-location anchor; reachable/locked differentiation; change badges; tap-to-expand location details,every marker always visible; decorative cartography that obscures travel choices,map;world-map;mobile-first;seven-rpg
M032,Genshin Impact Mobile,Mobile,https://interfaceingame.com/games/genshin-impact-mobile,region map — study 4,medium,context strip,"Answers current position, reachable destinations and important change with layered disclosure.",Overlays can compete for attention and make location priority unclear.,good,medium,high,Tactical Minimal,current-location anchor; reachable/locked differentiation; change badges; tap-to-expand location details,every marker always visible; decorative cartography that obscures travel choices,map;region-map;mobile-first;seven-rpg
M033,Monster Hunter: World,PC/Console,https://interfaceingame.com/games/monster-hunter-world/,node map — study 4,high,split detail,"Answers current position, reachable destinations and important change with layered disclosure.",Overlays can compete for attention and make location priority unclear.,good,high,high,Royal Strategy,current-location anchor; reachable/locked differentiation; change badges; tap-to-expand location details,every marker always visible; decorative cartography that obscures travel choices,map;node-map;mobile-first;seven-rpg
M034,Slay the Spire,PC/Console/Mobile,https://interfaceingame.com/games/slay-the-spire/,location card — study 4,low,focus card,"Answers current position, reachable destinations and important change with layered disclosure.",Overlays can compete for attention and make location priority unclear.,good,medium,high,Arcane Systems,current-location anchor; reachable/locked differentiation; change badges; tap-to-expand location details,every marker always visible; decorative cartography that obscures travel choices,map;location-card;mobile-first;seven-rpg
M035,Honkai: Star Rail,Mobile/PC/PS5,https://interfaceingame.com/games/honkai-star-rail/,travel sheet — study 4,medium,bottom sheet,"Answers current position, reachable destinations and important change with layered disclosure.",Overlays can compete for attention and make location priority unclear.,good,medium,high,Modern Fantasy HUD,current-location anchor; reachable/locked differentiation; change badges; tap-to-expand location details,every marker always visible; decorative cartography that obscures travel choices,map;travel-sheet;mobile-first;seven-rpg
M036,Civilization VI,PC/Console/Mobile,https://interfaceingame.com/games/sid-meiers-civilization-vi/,route preview — study 4,high,timeline,"Answers current position, reachable destinations and important change with layered disclosure.",Overlays can compete for attention and make location priority unclear.,excellent,medium,high-with-adaptation,Living World Dashboard,current-location anchor; reachable/locked differentiation; change badges; tap-to-expand location details,every marker always visible; decorative cartography that obscures travel choices,map;route-preview;mobile-first;seven-rpg
M037,The Witcher 3,PC/Console,https://interfaceingame.com/games/the-witcher-3-wild-hunt/,locked destination — study 4,low,progressive disclosure,"Answers current position, reachable destinations and important change with layered disclosure.",Overlays can compete for attention and make location priority unclear.,good,high,high,Clean JRPG Mobile,current-location anchor; reachable/locked differentiation; change badges; tap-to-expand location details,every marker always visible; decorative cartography that obscures travel choices,map;locked-destination;mobile-first;seven-rpg
M038,Genshin Impact Mobile,Mobile,https://interfaceingame.com/games/genshin-impact-mobile,map filter — study 4,medium,compact list,"Answers current position, reachable destinations and important change with layered disclosure.",Overlays can compete for attention and make location priority unclear.,good,medium,high,Tactical Minimal,current-location anchor; reachable/locked differentiation; change badges; tap-to-expand location details,every marker always visible; decorative cartography that obscures travel choices,map;map-filter;mobile-first;seven-rpg
M039,Monster Hunter: World,PC/Console,https://interfaceingame.com/games/monster-hunter-world/,current location — study 4,high,layered map,"Answers current position, reachable destinations and important change with layered disclosure.",Overlays can compete for attention and make location priority unclear.,good,medium,high,Royal Strategy,current-location anchor; reachable/locked differentiation; change badges; tap-to-expand location details,every marker always visible; decorative cartography that obscures travel choices,map;current-location;mobile-first;seven-rpg
M040,Slay the Spire,PC/Console/Mobile,https://interfaceingame.com/games/slay-the-spire/,world alert — study 4,low,context strip,"Answers current position, reachable destinations and important change with layered disclosure.",Overlays can compete for attention and make location priority unclear.,good,medium,high,Arcane Systems,current-location anchor; reachable/locked differentiation; change badges; tap-to-expand location details,every marker always visible; decorative cartography that obscures travel choices,map;world-alert;mobile-first;seven-rpg
M041,Honkai: Star Rail,Mobile/PC/PS5,https://interfaceingame.com/games/honkai-star-rail/,world map — study 5,medium,split detail,"Answers current position, reachable destinations and important change with layered disclosure.",Overlays can compete for attention and make location priority unclear.,excellent,high,high,Modern Fantasy HUD,current-location anchor; reachable/locked differentiation; change badges; tap-to-expand location details,every marker always visible; decorative cartography that obscures travel choices,map;world-map;mobile-first;seven-rpg
M042,Civilization VI,PC/Console/Mobile,https://interfaceingame.com/games/sid-meiers-civilization-vi/,region map — study 5,high,focus card,"Answers current position, reachable destinations and important change with layered disclosure.",Overlays can compete for attention and make location priority unclear.,good,medium,high,Living World Dashboard,current-location anchor; reachable/locked differentiation; change badges; tap-to-expand location details,every marker always visible; decorative cartography that obscures travel choices,map;region-map;mobile-first;seven-rpg
M043,The Witcher 3,PC/Console,https://interfaceingame.com/games/the-witcher-3-wild-hunt/,node map — study 5,low,bottom sheet,"Answers current position, reachable destinations and important change with layered disclosure.",Overlays can compete for attention and make location priority unclear.,good,medium,high-with-adaptation,Clean JRPG Mobile,current-location anchor; reachable/locked differentiation; change badges; tap-to-expand location details,every marker always visible; decorative cartography that obscures travel choices,map;node-map;mobile-first;seven-rpg
M044,Genshin Impact Mobile,Mobile,https://interfaceingame.com/games/genshin-impact-mobile,location card — study 5,medium,timeline,"Answers current position, reachable destinations and important change with layered disclosure.",Overlays can compete for attention and make location priority unclear.,good,medium,high,Tactical Minimal,current-location anchor; reachable/locked differentiation; change badges; tap-to-expand location details,every marker always visible; decorative cartography that obscures travel choices,map;location-card;mobile-first;seven-rpg
M045,Monster Hunter: World,PC/Console,https://interfaceingame.com/games/monster-hunter-world/,travel sheet — study 5,high,progressive disclosure,"Answers current position, reachable destinations and important change with layered disclosure.",Overlays can compete for attention and make location priority unclear.,good,high,high,Royal Strategy,current-location anchor; reachable/locked differentiation; change badges; tap-to-expand location details,every marker always visible; decorative cartography that obscures travel choices,map;travel-sheet;mobile-first;seven-rpg
M046,Slay the Spire,PC/Console/Mobile,https://interfaceingame.com/games/slay-the-spire/,route preview — study 5,low,compact list,"Answers current position, reachable destinations and important change with layered disclosure.",Overlays can compete for attention and make location priority unclear.,excellent,medium,high,Arcane Systems,current-location anchor; reachable/locked differentiation; change badges; tap-to-expand location details,every marker always visible; decorative cartography that obscures travel choices,map;route-preview;mobile-first;seven-rpg
M047,Honkai: Star Rail,Mobile/PC/PS5,https://interfaceingame.com/games/honkai-star-rail/,locked destination — study 5,medium,layered map,"Answers current position, reachable destinations and important change with layered disclosure.",Overlays can compete for attention and make location priority unclear.,good,medium,high,Modern Fantasy HUD,current-location anchor; reachable/locked differentiation; change badges; tap-to-expand location details,every marker always visible; decorative cartography that obscures travel choices,map;locked-destination;mobile-first;seven-rpg
M048,Civilization VI,PC/Console/Mobile,https://interfaceingame.com/games/sid-meiers-civilization-vi/,map filter — study 5,high,context strip,"Answers current position, reachable destinations and important change with layered disclosure.",Overlays can compete for attention and make location priority unclear.,good,medium,high,Living World Dashboard,current-location anchor; reachable/locked differentiation; change badges; tap-to-expand location details,every marker always visible; decorative cartography that obscures travel choices,map;map-filter;mobile-first;seven-rpg
M049,The Witcher 3,PC/Console,https://interfaceingame.com/games/the-witcher-3-wild-hunt/,current location — study 5,low,split detail,"Answers current position, reachable destinations and important change with layered disclosure.",Overlays can compete for attention and make location priority unclear.,good,high,high,Clean JRPG Mobile,current-location anchor; reachable/locked differentiation; change badges; tap-to-expand location details,every marker always visible; decorative cartography that obscures travel choices,map;current-location;mobile-first;seven-rpg
M050,Genshin Impact Mobile,Mobile,https://interfaceingame.com/games/genshin-impact-mobile,world alert — study 5,medium,focus card,"Answers current position, reachable destinations and important change with layered disclosure.",Overlays can compete for attention and make location priority unclear.,good,medium,high-with-adaptation,Tactical Minimal,current-location anchor; reachable/locked differentiation; change badges; tap-to-expand location details,every marker always visible; decorative cartography that obscures travel choices,map;world-alert;mobile-first;seven-rpg
K001,Civilization VI,PC/Console/Mobile,https://interfaceingame.com/games/sid-meiers-civilization-vi/,faction overview — study 1,medium,progressive disclosure,Compresses strategic state while keeping diplomacy/conflict relationships understandable.,Dashboard-style metric sprawl can destroy RPG immersion.,excellent,high,high-with-adaptation,Modern Fantasy HUD,relationship/conflict hierarchy; event-first alerts; overview then drill-down; clear currency/resource labeling,40-card dashboard; charts without decisions; gacha-like resource chrome,kingdom;faction-overview;mobile-first;seven-rpg
K002,Total War,PC,https://r2enc.totalwar.com/en/manual/single-player/0015a_enc_page_campaign_play_interface/,diplomacy — study 1,high,compact list,Compresses strategic state while keeping diplomacy/conflict relationships understandable.,Dashboard-style metric sprawl can destroy RPG immersion.,good,medium,high,Living World Dashboard,relationship/conflict hierarchy; event-first alerts; overview then drill-down; clear currency/resource labeling,40-card dashboard; charts without decisions; gacha-like resource chrome,kingdom;diplomacy;mobile-first;seven-rpg
K003,XCOM 2,PC/Console,https://interfaceingame.com/games/xcom-2/,territory — study 1,low,layered map,Compresses strategic state while keeping diplomacy/conflict relationships understandable.,Dashboard-style metric sprawl can destroy RPG immersion.,good,medium,high,Clean JRPG Mobile,relationship/conflict hierarchy; event-first alerts; overview then drill-down; clear currency/resource labeling,40-card dashboard; charts without decisions; gacha-like resource chrome,kingdom;territory;mobile-first;seven-rpg
K004,Triangle Strategy,Switch,https://www.nintendo.com/us/whatsnew/tips-for-getting-started-with-triangle-strategy/,resources — study 1,medium,context strip,Compresses strategic state while keeping diplomacy/conflict relationships understandable.,Dashboard-style metric sprawl can destroy RPG immersion.,good,high,high,Tactical Minimal,relationship/conflict hierarchy; event-first alerts; overview then drill-down; clear currency/resource labeling,40-card dashboard; charts without decisions; gacha-like resource chrome,kingdom;resources;mobile-first;seven-rpg
K005,Civilization VI,PC/Console/Mobile,https://interfaceingame.com/games/sid-meiers-civilization-vi/,leadership — study 1,high,split detail,Compresses strategic state while keeping diplomacy/conflict relationships understandable.,Dashboard-style metric sprawl can destroy RPG immersion.,good,medium,high,Royal Strategy,relationship/conflict hierarchy; event-first alerts; overview then drill-down; clear currency/resource labeling,40-card dashboard; charts without decisions; gacha-like resource chrome,kingdom;leadership;mobile-first;seven-rpg
K006,Total War,PC,https://r2enc.totalwar.com/en/manual/single-player/0015a_enc_page_campaign_play_interface/,active conflict — study 1,low,focus card,Compresses strategic state while keeping diplomacy/conflict relationships understandable.,Dashboard-style metric sprawl can destroy RPG immersion.,excellent,medium,high,Arcane Systems,relationship/conflict hierarchy; event-first alerts; overview then drill-down; clear currency/resource labeling,40-card dashboard; charts without decisions; gacha-like resource chrome,kingdom;active-conflict;mobile-first;seven-rpg
K007,XCOM 2,PC/Console,https://interfaceingame.com/games/xcom-2/,economy — study 1,medium,bottom sheet,Compresses strategic state while keeping diplomacy/conflict relationships understandable.,Dashboard-style metric sprawl can destroy RPG immersion.,good,high,high,Modern Fantasy HUD,relationship/conflict hierarchy; event-first alerts; overview then drill-down; clear currency/resource labeling,40-card dashboard; charts without decisions; gacha-like resource chrome,kingdom;economy;mobile-first;seven-rpg
K008,Triangle Strategy,Switch,https://www.nintendo.com/us/whatsnew/tips-for-getting-started-with-triangle-strategy/,event message — study 1,high,timeline,Compresses strategic state while keeping diplomacy/conflict relationships understandable.,Dashboard-style metric sprawl can destroy RPG immersion.,good,medium,high-with-adaptation,Living World Dashboard,relationship/conflict hierarchy; event-first alerts; overview then drill-down; clear currency/resource labeling,40-card dashboard; charts without decisions; gacha-like resource chrome,kingdom;event-message;mobile-first;seven-rpg
K009,Civilization VI,PC/Console/Mobile,https://interfaceingame.com/games/sid-meiers-civilization-vi/,relationship state — study 1,low,progressive disclosure,Compresses strategic state while keeping diplomacy/conflict relationships understandable.,Dashboard-style metric sprawl can destroy RPG immersion.,good,medium,high,Clean JRPG Mobile,relationship/conflict hierarchy; event-first alerts; overview then drill-down; clear currency/resource labeling,40-card dashboard; charts without decisions; gacha-like resource chrome,kingdom;relationship-state;mobile-first;seven-rpg
K010,Total War,PC,https://r2enc.totalwar.com/en/manual/single-player/0015a_enc_page_campaign_play_interface/,strategic overview — study 1,medium,compact list,Compresses strategic state while keeping diplomacy/conflict relationships understandable.,Dashboard-style metric sprawl can destroy RPG immersion.,good,high,high,Tactical Minimal,relationship/conflict hierarchy; event-first alerts; overview then drill-down; clear currency/resource labeling,40-card dashboard; charts without decisions; gacha-like resource chrome,kingdom;strategic-overview;mobile-first;seven-rpg
K011,XCOM 2,PC/Console,https://interfaceingame.com/games/xcom-2/,faction overview — study 2,high,layered map,Compresses strategic state while keeping diplomacy/conflict relationships understandable.,Dashboard-style metric sprawl can destroy RPG immersion.,excellent,medium,high,Royal Strategy,relationship/conflict hierarchy; event-first alerts; overview then drill-down; clear currency/resource labeling,40-card dashboard; charts without decisions; gacha-like resource chrome,kingdom;faction-overview;mobile-first;seven-rpg
K012,Triangle Strategy,Switch,https://www.nintendo.com/us/whatsnew/tips-for-getting-started-with-triangle-strategy/,diplomacy — study 2,low,context strip,Compresses strategic state while keeping diplomacy/conflict relationships understandable.,Dashboard-style metric sprawl can destroy RPG immersion.,good,medium,high,Arcane Systems,relationship/conflict hierarchy; event-first alerts; overview then drill-down; clear currency/resource labeling,40-card dashboard; charts without decisions; gacha-like resource chrome,kingdom;diplomacy;mobile-first;seven-rpg
K013,Civilization VI,PC/Console/Mobile,https://interfaceingame.com/games/sid-meiers-civilization-vi/,territory — study 2,medium,split detail,Compresses strategic state while keeping diplomacy/conflict relationships understandable.,Dashboard-style metric sprawl can destroy RPG immersion.,good,high,high,Modern Fantasy HUD,relationship/conflict hierarchy; event-first alerts; overview then drill-down; clear currency/resource labeling,40-card dashboard; charts without decisions; gacha-like resource chrome,kingdom;territory;mobile-first;seven-rpg
K014,Total War,PC,https://r2enc.totalwar.com/en/manual/single-player/0015a_enc_page_campaign_play_interface/,resources — study 2,high,focus card,Compresses strategic state while keeping diplomacy/conflict relationships understandable.,Dashboard-style metric sprawl can destroy RPG immersion.,good,medium,high,Living World Dashboard,relationship/conflict hierarchy; event-first alerts; overview then drill-down; clear currency/resource labeling,40-card dashboard; charts without decisions; gacha-like resource chrome,kingdom;resources;mobile-first;seven-rpg
K015,XCOM 2,PC/Console,https://interfaceingame.com/games/xcom-2/,leadership — study 2,low,bottom sheet,Compresses strategic state while keeping diplomacy/conflict relationships understandable.,Dashboard-style metric sprawl can destroy RPG immersion.,good,medium,high-with-adaptation,Clean JRPG Mobile,relationship/conflict hierarchy; event-first alerts; overview then drill-down; clear currency/resource labeling,40-card dashboard; charts without decisions; gacha-like resource chrome,kingdom;leadership;mobile-first;seven-rpg
K016,Triangle Strategy,Switch,https://www.nintendo.com/us/whatsnew/tips-for-getting-started-with-triangle-strategy/,active conflict — study 2,medium,timeline,Compresses strategic state while keeping diplomacy/conflict relationships understandable.,Dashboard-style metric sprawl can destroy RPG immersion.,excellent,high,high,Tactical Minimal,relationship/conflict hierarchy; event-first alerts; overview then drill-down; clear currency/resource labeling,40-card dashboard; charts without decisions; gacha-like resource chrome,kingdom;active-conflict;mobile-first;seven-rpg
K017,Civilization VI,PC/Console/Mobile,https://interfaceingame.com/games/sid-meiers-civilization-vi/,economy — study 2,high,progressive disclosure,Compresses strategic state while keeping diplomacy/conflict relationships understandable.,Dashboard-style metric sprawl can destroy RPG immersion.,good,medium,high,Royal Strategy,relationship/conflict hierarchy; event-first alerts; overview then drill-down; clear currency/resource labeling,40-card dashboard; charts without decisions; gacha-like resource chrome,kingdom;economy;mobile-first;seven-rpg
K018,Total War,PC,https://r2enc.totalwar.com/en/manual/single-player/0015a_enc_page_campaign_play_interface/,event message — study 2,low,compact list,Compresses strategic state while keeping diplomacy/conflict relationships understandable.,Dashboard-style metric sprawl can destroy RPG immersion.,good,medium,high,Arcane Systems,relationship/conflict hierarchy; event-first alerts; overview then drill-down; clear currency/resource labeling,40-card dashboard; charts without decisions; gacha-like resource chrome,kingdom;event-message;mobile-first;seven-rpg
K019,XCOM 2,PC/Console,https://interfaceingame.com/games/xcom-2/,relationship state — study 2,medium,layered map,Compresses strategic state while keeping diplomacy/conflict relationships understandable.,Dashboard-style metric sprawl can destroy RPG immersion.,good,high,high,Modern Fantasy HUD,relationship/conflict hierarchy; event-first alerts; overview then drill-down; clear currency/resource labeling,40-card dashboard; charts without decisions; gacha-like resource chrome,kingdom;relationship-state;mobile-first;seven-rpg
K020,Triangle Strategy,Switch,https://www.nintendo.com/us/whatsnew/tips-for-getting-started-with-triangle-strategy/,strategic overview — study 2,high,context strip,Compresses strategic state while keeping diplomacy/conflict relationships understandable.,Dashboard-style metric sprawl can destroy RPG immersion.,good,medium,high,Living World Dashboard,relationship/conflict hierarchy; event-first alerts; overview then drill-down; clear currency/resource labeling,40-card dashboard; charts without decisions; gacha-like resource chrome,kingdom;strategic-overview;mobile-first;seven-rpg
K021,Civilization VI,PC/Console/Mobile,https://interfaceingame.com/games/sid-meiers-civilization-vi/,faction overview — study 3,low,split detail,Compresses strategic state while keeping diplomacy/conflict relationships understandable.,Dashboard-style metric sprawl can destroy RPG immersion.,excellent,medium,high,Clean JRPG Mobile,relationship/conflict hierarchy; event-first alerts; overview then drill-down; clear currency/resource labeling,40-card dashboard; charts without decisions; gacha-like resource chrome,kingdom;faction-overview;mobile-first;seven-rpg
K022,Total War,PC,https://r2enc.totalwar.com/en/manual/single-player/0015a_enc_page_campaign_play_interface/,diplomacy — study 3,medium,focus card,Compresses strategic state while keeping diplomacy/conflict relationships understandable.,Dashboard-style metric sprawl can destroy RPG immersion.,good,high,high-with-adaptation,Tactical Minimal,relationship/conflict hierarchy; event-first alerts; overview then drill-down; clear currency/resource labeling,40-card dashboard; charts without decisions; gacha-like resource chrome,kingdom;diplomacy;mobile-first;seven-rpg
K023,XCOM 2,PC/Console,https://interfaceingame.com/games/xcom-2/,territory — study 3,high,bottom sheet,Compresses strategic state while keeping diplomacy/conflict relationships understandable.,Dashboard-style metric sprawl can destroy RPG immersion.,good,medium,high,Royal Strategy,relationship/conflict hierarchy; event-first alerts; overview then drill-down; clear currency/resource labeling,40-card dashboard; charts without decisions; gacha-like resource chrome,kingdom;territory;mobile-first;seven-rpg
K024,Triangle Strategy,Switch,https://www.nintendo.com/us/whatsnew/tips-for-getting-started-with-triangle-strategy/,resources — study 3,low,timeline,Compresses strategic state while keeping diplomacy/conflict relationships understandable.,Dashboard-style metric sprawl can destroy RPG immersion.,good,medium,high,Arcane Systems,relationship/conflict hierarchy; event-first alerts; overview then drill-down; clear currency/resource labeling,40-card dashboard; charts without decisions; gacha-like resource chrome,kingdom;resources;mobile-first;seven-rpg
K025,Civilization VI,PC/Console/Mobile,https://interfaceingame.com/games/sid-meiers-civilization-vi/,leadership — study 3,medium,progressive disclosure,Compresses strategic state while keeping diplomacy/conflict relationships understandable.,Dashboard-style metric sprawl can destroy RPG immersion.,good,high,high,Modern Fantasy HUD,relationship/conflict hierarchy; event-first alerts; overview then drill-down; clear currency/resource labeling,40-card dashboard; charts without decisions; gacha-like resource chrome,kingdom;leadership;mobile-first;seven-rpg
K026,Total War,PC,https://r2enc.totalwar.com/en/manual/single-player/0015a_enc_page_campaign_play_interface/,active conflict — study 3,high,compact list,Compresses strategic state while keeping diplomacy/conflict relationships understandable.,Dashboard-style metric sprawl can destroy RPG immersion.,excellent,medium,high,Living World Dashboard,relationship/conflict hierarchy; event-first alerts; overview then drill-down; clear currency/resource labeling,40-card dashboard; charts without decisions; gacha-like resource chrome,kingdom;active-conflict;mobile-first;seven-rpg
K027,XCOM 2,PC/Console,https://interfaceingame.com/games/xcom-2/,economy — study 3,low,layered map,Compresses strategic state while keeping diplomacy/conflict relationships understandable.,Dashboard-style metric sprawl can destroy RPG immersion.,good,medium,high,Clean JRPG Mobile,relationship/conflict hierarchy; event-first alerts; overview then drill-down; clear currency/resource labeling,40-card dashboard; charts without decisions; gacha-like resource chrome,kingdom;economy;mobile-first;seven-rpg
K028,Triangle Strategy,Switch,https://www.nintendo.com/us/whatsnew/tips-for-getting-started-with-triangle-strategy/,event message — study 3,medium,context strip,Compresses strategic state while keeping diplomacy/conflict relationships understandable.,Dashboard-style metric sprawl can destroy RPG immersion.,good,high,high,Tactical Minimal,relationship/conflict hierarchy; event-first alerts; overview then drill-down; clear currency/resource labeling,40-card dashboard; charts without decisions; gacha-like resource chrome,kingdom;event-message;mobile-first;seven-rpg
K029,Civilization VI,PC/Console/Mobile,https://interfaceingame.com/games/sid-meiers-civilization-vi/,relationship state — study 3,high,split detail,Compresses strategic state while keeping diplomacy/conflict relationships understandable.,Dashboard-style metric sprawl can destroy RPG immersion.,good,medium,high-with-adaptation,Royal Strategy,relationship/conflict hierarchy; event-first alerts; overview then drill-down; clear currency/resource labeling,40-card dashboard; charts without decisions; gacha-like resource chrome,kingdom;relationship-state;mobile-first;seven-rpg
K030,Total War,PC,https://r2enc.totalwar.com/en/manual/single-player/0015a_enc_page_campaign_play_interface/,strategic overview — study 3,low,focus card,Compresses strategic state while keeping diplomacy/conflict relationships understandable.,Dashboard-style metric sprawl can destroy RPG immersion.,good,medium,high,Arcane Systems,relationship/conflict hierarchy; event-first alerts; overview then drill-down; clear currency/resource labeling,40-card dashboard; charts without decisions; gacha-like resource chrome,kingdom;strategic-overview;mobile-first;seven-rpg
K031,XCOM 2,PC/Console,https://interfaceingame.com/games/xcom-2/,faction overview — study 4,medium,bottom sheet,Compresses strategic state while keeping diplomacy/conflict relationships understandable.,Dashboard-style metric sprawl can destroy RPG immersion.,excellent,high,high,Modern Fantasy HUD,relationship/conflict hierarchy; event-first alerts; overview then drill-down; clear currency/resource labeling,40-card dashboard; charts without decisions; gacha-like resource chrome,kingdom;faction-overview;mobile-first;seven-rpg
K032,Triangle Strategy,Switch,https://www.nintendo.com/us/whatsnew/tips-for-getting-started-with-triangle-strategy/,diplomacy — study 4,high,timeline,Compresses strategic state while keeping diplomacy/conflict relationships understandable.,Dashboard-style metric sprawl can destroy RPG immersion.,good,medium,high,Living World Dashboard,relationship/conflict hierarchy; event-first alerts; overview then drill-down; clear currency/resource labeling,40-card dashboard; charts without decisions; gacha-like resource chrome,kingdom;diplomacy;mobile-first;seven-rpg
K033,Civilization VI,PC/Console/Mobile,https://interfaceingame.com/games/sid-meiers-civilization-vi/,territory — study 4,low,progressive disclosure,Compresses strategic state while keeping diplomacy/conflict relationships understandable.,Dashboard-style metric sprawl can destroy RPG immersion.,good,medium,high,Clean JRPG Mobile,relationship/conflict hierarchy; event-first alerts; overview then drill-down; clear currency/resource labeling,40-card dashboard; charts without decisions; gacha-like resource chrome,kingdom;territory;mobile-first;seven-rpg
K034,Total War,PC,https://r2enc.totalwar.com/en/manual/single-player/0015a_enc_page_campaign_play_interface/,resources — study 4,medium,compact list,Compresses strategic state while keeping diplomacy/conflict relationships understandable.,Dashboard-style metric sprawl can destroy RPG immersion.,good,high,high,Tactical Minimal,relationship/conflict hierarchy; event-first alerts; overview then drill-down; clear currency/resource labeling,40-card dashboard; charts without decisions; gacha-like resource chrome,kingdom;resources;mobile-first;seven-rpg
K035,XCOM 2,PC/Console,https://interfaceingame.com/games/xcom-2/,leadership — study 4,high,layered map,Compresses strategic state while keeping diplomacy/conflict relationships understandable.,Dashboard-style metric sprawl can destroy RPG immersion.,good,medium,high,Royal Strategy,relationship/conflict hierarchy; event-first alerts; overview then drill-down; clear currency/resource labeling,40-card dashboard; charts without decisions; gacha-like resource chrome,kingdom;leadership;mobile-first;seven-rpg
K036,Triangle Strategy,Switch,https://www.nintendo.com/us/whatsnew/tips-for-getting-started-with-triangle-strategy/,active conflict — study 4,low,context strip,Compresses strategic state while keeping diplomacy/conflict relationships understandable.,Dashboard-style metric sprawl can destroy RPG immersion.,excellent,medium,high-with-adaptation,Arcane Systems,relationship/conflict hierarchy; event-first alerts; overview then drill-down; clear currency/resource labeling,40-card dashboard; charts without decisions; gacha-like resource chrome,kingdom;active-conflict;mobile-first;seven-rpg
K037,Civilization VI,PC/Console/Mobile,https://interfaceingame.com/games/sid-meiers-civilization-vi/,economy — study 4,medium,split detail,Compresses strategic state while keeping diplomacy/conflict relationships understandable.,Dashboard-style metric sprawl can destroy RPG immersion.,good,high,high,Modern Fantasy HUD,relationship/conflict hierarchy; event-first alerts; overview then drill-down; clear currency/resource labeling,40-card dashboard; charts without decisions; gacha-like resource chrome,kingdom;economy;mobile-first;seven-rpg
K038,Total War,PC,https://r2enc.totalwar.com/en/manual/single-player/0015a_enc_page_campaign_play_interface/,event message — study 4,high,focus card,Compresses strategic state while keeping diplomacy/conflict relationships understandable.,Dashboard-style metric sprawl can destroy RPG immersion.,good,medium,high,Living World Dashboard,relationship/conflict hierarchy; event-first alerts; overview then drill-down; clear currency/resource labeling,40-card dashboard; charts without decisions; gacha-like resource chrome,kingdom;event-message;mobile-first;seven-rpg
K039,XCOM 2,PC/Console,https://interfaceingame.com/games/xcom-2/,relationship state — study 4,low,bottom sheet,Compresses strategic state while keeping diplomacy/conflict relationships understandable.,Dashboard-style metric sprawl can destroy RPG immersion.,good,medium,high,Clean JRPG Mobile,relationship/conflict hierarchy; event-first alerts; overview then drill-down; clear currency/resource labeling,40-card dashboard; charts without decisions; gacha-like resource chrome,kingdom;relationship-state;mobile-first;seven-rpg
K040,Triangle Strategy,Switch,https://www.nintendo.com/us/whatsnew/tips-for-getting-started-with-triangle-strategy/,strategic overview — study 4,medium,timeline,Compresses strategic state while keeping diplomacy/conflict relationships understandable.,Dashboard-style metric sprawl can destroy RPG immersion.,good,high,high,Tactical Minimal,relationship/conflict hierarchy; event-first alerts; overview then drill-down; clear currency/resource labeling,40-card dashboard; charts without decisions; gacha-like resource chrome,kingdom;strategic-overview;mobile-first;seven-rpg
